,A,B
0,0.8757300766543035,0.15738292928615516
1,0.8834164386286539,0.09850285039733211
2,0.9335876726758673,0.04506893016998715
3,0.9452893964815529,0.048467568173820655
4,0.9466744524079939,0.03837853137877922
5,0.9568689770356478,0.03137912702429825
6,0.9948051885371991,0.009566163696667558
7,0.9610719308687776,0.020084948037327764
8,0.9616817379570649,0.04951523252641794
9,0.8396630069917972,0.14061765675576993
10,0.7567273887136281,0.22182765088205122
11,0.7930868684006981,0.21204828366992204
12,0.7784451609911772,0.24111781297780063
13,0.8007563345213735,0.23019826002235955
14,0.7650876735388042,0.27027412076714874
15,0.7603514932879403,0.24780070089022974
16,0.7908457095738396,0.22606751474967474
17,0.8113780904800452,0.2045654622129648
18,0.8960195577197468,0.12624265468999843
19,0.7569571680605379,0.2981027071394001
20,0.7930495506217377,0.23902211618543087
21,0.9041243798855019,0.11211342927411902
22,0.8757463612191253,0.17875620474309012
23,0.8609301208577959,0.17993751230041177
24,0.8964353970723619,0.09521700062663807
25,0.9060592549603986,0.05834779212591775
26,0.8649038808053552,0.09862688631785052
27,0.8656945168026208,0.09641147186099419
28,0.9266943928134812,0.06401270024998199
29,0.9684350785198297,0.011793261721854397
30,0.9355448888389978,0.05082508003436094
31,0.9432170250052403,0.044829181376048986
32,0.9600379225352919,0.04854853115995175
33,1.0102926861853485,0.006389965476748229
34,0.9992118008620468,0.004625098740180735
35,0.9465836065403146,0.03843766336951158
36,0.8382975652892197,0.1439881022552777
37,0.7394993064657072,0.2657634310821039
38,0.5979029411502987,0.41798324536101006
39,0.6467392690791931,0.37660030281688894
40,0.7043454081995524,0.27647633768431323
41,0.7377396875388312,0.25304222010477906
42,0.6824392041535247,0.30993189251417047
43,0.6521878427347808,0.37414465894925186
44,0.601770712440296,0.4184940545949753
45,0.6292553331859688,0.40303890593163283
46,0.6664200581784844,0.3708494115770175
47,0.6610770309452438,0.3502098773643058
48,0.8140280639165567,0.2154299064162655
49,0.9402164631058474,0.0740994309886787
50,0.8256756557824736,0.18476798976279868
51,0.8420606993103635,0.14031732928012633
52,0.9058719435494045,0.08630968601167824
53,0.9727916870679367,0.041782778274956946
54,0.8593875633909359,0.2139129255486258
55,0.845897279832337,0.19576846787504343
56,0.9129503614364195,0.09888673047091995
57,0.8312555359932922,0.16547085300313744
58,0.846063435661992,0.15592392766243457
59,0.8677293646306735,0.13683035482728367
60,0.8998086523543728,0.10381508605224918
61,1.0052390334311563,0.04814604788778137
62,0.9767717700601789,0.07534052166229091
63,0.9594581109258914,0.05100706131651647
64,0.9763009073224354,0.025591427324274232
65,0.9599389987551629,0.0259423349920124
66,1.0007305372318582,0.014127253115894222
67,0.986357084344164,0.04409687791400721
68,0.9372483715670759,0.06126648101305776
69,0.8834330562661148,0.10415262367383808
70,0.8673539683799009,0.1507028396394517
71,0.7685197434141633,0.2104841985462529
72,0.697775870882378,0.25227589618158663
73,0.6541096188239615,0.35066457632729797
74,0.688205411434308,0.31191099191292126
75,0.6502495705748258,0.31777511390196156
76,0.6397550033916706,0.34317957514030245
77,0.7006009568494679,0.30323289438043377
78,0.7044351671977359,0.297489207222474
79,0.6732945760492866,0.3329796784511832
80,0.663537517152012,0.3314198514027202
81,0.6937506181451898,0.343106279169881
82,0.5795398393929602,0.46016683013308646
83,0.5547070187793257,0.46174614632621414
84,0.576129826132027,0.4647203978852623
85,0.7438744051399131,0.24889983676637562
86,0.806434583844888,0.1694052757919481
87,0.9100790542998584,0.0827795335195021
88,0.8851203672993291,0.1424052588088829
89,0.9245507510567788,0.08619026893251262
90,0.8053438664909199,0.2006910898078092
91,0.8742683832260084,0.14012503362143552
92,0.7627432599141716,0.2665715369553855
93,0.7073648737512805,0.3110996736379859
94,0.7179524949536583,0.30346284927454087
95,0.7525400456021818,0.2906086736869133
96,0.6995181842282538,0.28569713975448613
97,0.5771672109835737,0.3848122373286482
98,0.782455990541235,0.2703200332533481
99,0.8926764821925219,0.1352926013159379
100,0.973661657176022,0.006483354284839397
101,1.0069924249238438,0.0094737872986507
102,0.9881326201688693,0.008866743647288684
103,0.9731878196278722,0.01648140846778852
104,0.949161730267796,0.006263394941161028
105,1.0396055552209404,0.00883714230148853
106,0.9984043714183195,0.03502807187303714
107,0.9607276682592649,0.04644567845680358
108,0.9322713516941515,0.03212959123441722
109,0.9335577070694685,0.04511109432414679
110,0.7905697990814624,0.18349518329214914
111,0.827689247873721,0.1793714531350023
112,0.7523569804284715,0.2432813254814988
113,0.6269134741498499,0.37179907636563725
114,0.6498726919182426,0.37586346716697777
115,0.6894507900640802,0.36816830800693234
116,0.6125139727357258,0.391143344062352
117,0.6152660527374246,0.42557835041459235
118,0.5626097045451968,0.46712683401646055
119,0.5717973897004218,0.43151828415760896
120,0.6001040324887326,0.4500781539292627
121,0.5843665228952164,0.44403462942323674
122,0.55150464877602,0.4796041244828744
123,0.5519961804357403,0.4587600875969903
124,0.4568871458495436,0.584552931729062
125,0.4842745425591706,0.5730630537550964
126,0.5191116406283034,0.5028271234434788
127,0.46482826397564414,0.5221768132629834
128,0.6719466691775228,0.3067214783216618
129,0.6856486702928677,0.3135153639506757
130,0.8196690977175307,0.1817847297206858
131,0.7769223109793972,0.21727940028452722
132,0.8562389689743884,0.1623877522728843
133,0.7695594403960243,0.24759407867848787
134,0.703616636263189,0.29317056019850285
135,0.745002256922576,0.24925665195775165
136,0.5289680936313886,0.5069494575698833
137,0.3851029095907037,0.5993127550677025
138,0.33004128119226833,0.5891590114738757
139,0.3674472415650316,0.5759629335373968
140,0.46195802997808655,0.5189354940282459
141,0.6237666326828839,0.39235234184900597
142,0.7444965498268964,0.27438126743522934
143,0.9193750133952557,0.11801870842527465
144,0.971232219472112,0.04076287662966907
145,0.9909954359760634,0.016938311656085107
146,0.9689370710226666,0.01226124800252347
147,1.0148167659222969,0.007508414437254376
148,1.0251726504493683,0.0027876327288065446
149,0.9435555583776195,0.007714156729020605
150,0.9688445874257798,0.011182385236406052
151,0.9656079120985125,0.017452684748843345
152,0.9429851055896465,0.02458405468687238
153,0.8937287338339786,0.05032597790387668
154,0.9019662317102034,0.0509971596949214
155,0.9436838178216742,0.05256415854417113
156,0.9030609361086244,0.09190352170962447
157,0.8463365493216837,0.16110645757475978
158,0.6760866643920793,0.3283967283623401
159,0.5945267071532376,0.41239401882910137
160,0.5801108029593891,0.3926260492485336
161,0.6370267303651023,0.3301096636460303
162,0.6946036025948312,0.3132291550168537
163,0.7110127850837029,0.31695101393418923
164,0.5414810518863616,0.4765023502196607
165,0.5048157990900469,0.5122860595316271
166,0.556453921876065,0.49809707473988707
167,0.6112337178689311,0.4117047157170696
168,0.6431678631361012,0.3580002759109887
169,0.6801219097745977,0.35290736980359455
170,0.5763146890200789,0.4419092073824988
171,0.5739062837184697,0.4716688059293865
172,0.687768593826065,0.3096620811460884
173,0.6384872405753861,0.386632360641241
174,0.7175714290470674,0.25078021685959745
175,0.6458731369799139,0.3184311280947408
176,0.7752711245465345,0.17008220005863423
177,0.6931148199053498,0.3021353937195542
178,0.7930028086549565,0.1846000531188865
179,0.8043746641553253,0.184649465728791
180,0.7230909325176018,0.2731648488751923
181,0.5185749795697994,0.4926447433926663
182,0.45564440857133404,0.5269732368902978
183,0.6531728648247341,0.36990435414783607
184,0.5140457549226881,0.5242187297774464
185,0.39824370656609737,0.5739973412452166
186,0.20348546368361117,0.7192146233171317
187,0.2112433627583295,0.7351743054413682
188,0.3022422507427755,0.6565696680722791
189,0.4064530928402219,0.5949987427056114
190,0.5797355205443377,0.46361662330412606
191,0.7079294017010404,0.3383652024453652
192,0.820952959762949,0.1851111199442242
193,0.9104988283601345,0.04274207119276766
194,0.9443483366746774,0.02431876647853497
195,0.9822451515334933,0.008729754669698294
196,0.9921518683886393,2.220446049250313e-16
197,0.9624561714344414,2.220446049250313e-16
198,1.0347491174066492,2.220446049250313e-16
199,0.9941069122883877,0.00214641977754491
200,0.9395471891213572,0.0131664653955091
201,1.0130460309352542,0.004889729679018156
202,0.964144435053388,0.02977601764253796
203,1.0021861261972493,0.023375273466995725
204,0.9990923578097812,0.0332028507326477
205,0.9607300136602344,0.05324255967201106
206,0.9310815042435011,0.08128790582195554
207,0.8449250270874324,0.16620650544861282
208,0.7595326904624018,0.28874230677958723
209,0.7495747444348435,0.2892601389429606
210,0.7387442631194316,0.32019102003810496
211,0.7046430906192649,0.33450533011093825
212,0.6707991305430535,0.359955128737968
213,0.6810003916925669,0.38350351702122404
214,0.7164070481082436,0.30973112495024724
215,0.7556380879519968,0.3020059819275582
216,0.6399763298721426,0.4325192574532947
217,0.6244517437799699,0.41972922636344406
218,0.6807981158342912,0.3691304963494398
219,0.6635691798214196,0.36363386479346504
220,0.6321978048787065,0.43257695300736637
221,0.627203116057341,0.380718313691467
222,0.6254393926968683,0.354794059616671
223,0.6488231896499621,0.36172769737854965
224,0.6593233243757415,0.38248052436852237
225,0.6749364588717244,0.3393574114600994
226,0.7291892449273921,0.28796327108805286
227,0.8276918730289907,0.1692626638724579
228,0.7171811618536916,0.2881017904812402
229,0.6029443883758357,0.4095721439359201
230,0.6824417519721468,0.32870502359497167
231,0.545631097418579,0.48836524592207764
232,0.6657522037725273,0.37089814270709215
233,0.47073362190094753,0.5610525924993132
234,0.3146184693046474,0.6892766491200137
235,0.27648090134217396,0.7248613091710046
236,0.22197649780204257,0.7842661110560785
237,0.254222080064649,0.7516241837011297
238,0.30404467419151615,0.6795391081595804
239,0.4201873014572548,0.5980705224192164
240,0.41547634215420554,0.6091861431242219
241,0.5679856350010657,0.46819896911884124
242,0.6696322787918114,0.3822480691629524
243,0.8149386539269395,0.22054390423975784
244,0.9128026610959912,0.08581196049353661
245,0.9231997727918277,0.053370642587632085
246,0.9199163223919012,0.012845723301708816
247,0.9755710281483876,0.0035958076200422497
248,0.9434055210515018,2.220446049250313e-16
249,0.9945687996449525,2.220446049250313e-16
250,0.9614589725247819,2.220446049250313e-16
251,0.9656759081948489,0.00707917244549146
252,0.9968651721913991,0.0032962965373782766
253,1.0237135290291162,2.220446049250313e-16
254,1.0151953775295255,2.220446049250313e-16
255,0.9827868504941303,0.02672356467096015
256,0.9952579745712817,0.04386435269195807
257,0.9790120082769099,0.059648356554294804
258,0.9149810954269368,0.11129333344629329
259,0.8514422443044383,0.1534640246737458
260,0.7900126537404611,0.24669124415325205
261,0.712186270870563,0.31308974109445875
262,0.6359522796927634,0.3893760718278068
263,0.6514084597314603,0.3838833448893163
264,0.682065819659737,0.3916733392107585
265,0.6654922888023943,0.3813122862963881
266,0.6306157608279396,0.4245036460688721
267,0.5810439557084984,0.45564347648365017
268,0.6467855940820376,0.4104887079821571
269,0.5948442641733034,0.47477048852710707
270,0.6123638438007198,0.4388151807828594
271,0.6039716047791932,0.4428870810060105
272,0.6275534857193941,0.3806188474582918
273,0.6301543011873604,0.36742642591261176
274,0.6549823346165154,0.3627560062483962
275,0.6496640509628191,0.36059051683533194
276,0.5937155884633776,0.4147198875529316
277,0.7493295895827611,0.262508823628999
278,0.7032082623268582,0.29386455717729004
279,0.8679283631547169,0.1178672972178639
280,0.8737105274582165,0.16495344727273412
281,0.727066922682325,0.24394209887184384
282,0.7611312921692078,0.24141228445162213
283,0.7064498995795074,0.3097912626175975
284,0.3766014934998291,0.6654291390582312
285,0.3851009059429814,0.5390433517375948
286,0.2946676768820463,0.735102378216022
287,0.1648922789271064,0.8821734499785789
288,0.0379431126952631,0.988896903609814
289,0.0578852225728506,0.9158623564322492
290,0.11041032717360866,0.8798877352317116
291,0.17304344523092327,0.8589830340793835
292,0.24108032096731039,0.8065517749147443
293,0.3295570017500392,0.6947986222580103
294,0.3528943271204684,0.652701476123513
295,0.5384746635634367,0.43676537539561133
296,0.7199208688393228,0.26747433528797165
297,0.8522298120549847,0.1584908788740926
298,0.90663275129386,0.06813583052734218
299,0.8973422328311729,0.046964511742189456
300,0.9312470147460747,0.026811504590488897
301,0.9206467778805405,0.017741449107158695
302,0.9290645618988329,0.027757668834207567
303,0.971691351625985,0.006011074572560451
304,0.9763567266905391,2.220446049250313e-16
305,1.0040460773785524,2.220446049250313e-16
306,1.0156783647898706,2.220446049250313e-16
307,0.9772592483293681,0.04996218654163012
308,0.937811310684367,0.10612648095795445
309,0.9555872649818035,0.0800600477339831
310,0.9940343938452696,0.03967443840271468
311,0.9228937443904348,0.11037368542866904
312,0.9277260545445469,0.10751385812977501
313,0.9295023308830158,0.06675567951647503
314,0.8550508511006794,0.1411554918532026
315,0.7679233665324633,0.27330573865007013
316,0.7514967753273377,0.2333339111306418
317,0.6517412420475169,0.3424070301142301
318,0.5682078346994459,0.4538043809308081
319,0.5594814236500917,0.4590427609382053
320,0.5831988014684552,0.40594863050655106
321,0.4910782281368882,0.5155981394117243
322,0.587074343491736,0.4658710599836835
323,0.6734112349125062,0.380166816674701
324,0.6716644844501203,0.3595120318193993
325,0.7699489136258293,0.31028140955634975
326,0.6066082588021859,0.42756443566190666
327,0.5777678618974648,0.4609310627039049
328,0.49949540122597447,0.5137071543205524
329,0.6026713343075266,0.4029664167371809
330,0.6449384385035866,0.36816143477749314
331,0.6382363293695351,0.37924826817561746
332,0.8264101744186226,0.19704861622040898
333,0.743125624598747,0.29776806099266656
334,0.7359322583796539,0.2761273710183072
335,0.7332537641303848,0.2673483030630264
336,0.7271693128948533,0.258753348954636
337,0.5935244116964595,0.40934901521576694
338,0.4646914136329885,0.5266511133879184
339,0.3056284670345526,0.7462712176244418
340,0.2034981346487779,0.8613881167914217
341,0.13793983467426804,0.9092816981840821
342,0.026002395960177734,1.0075044680930585
343,0.008639747174331445,0.9624506545644742
344,0.029767630825389982,0.9706263635427883
345,0.046857936522290915,1.0097596299593705
346,0.09852251441419627,0.9241010646832113
347,0.12420672451214235,0.8733329654598134
348,0.19240727289991577,0.7930104815895321
349,0.296726511950865,0.6946811444850813
350,0.45279704109252883,0.5269842091385423
351,0.6841566242183545,0.2565159738325833
352,0.8908777150890026,0.09314699040547596
353,0.9751843197334396,0.007028551848617098
354,0.9649317197361018,0.015025317579858768
355,0.9473078699161632,2.220446049250313e-16
356,0.9306502715120073,2.220446049250313e-16
357,0.9489733052822072,2.220446049250313e-16
358,0.9457320837365053,2.220446049250313e-16
359,0.9685985795262418,0.0014543823512549868
360,0.9264471450695156,0.004011357947510058
361,0.8903127018007319,0.019899425631164
362,0.9546712325411729,0.005618394301460602
363,0.9109349440875756,0.012505348790472952
364,0.9182387035218204,0.04052217362096196
365,0.909768763737122,0.038551559599799265
366,0.8780720502309879,0.07459702274674423
367,0.931987637493221,0.07316561166438883
368,0.9039578103671567,0.08785185623695188
369,0.8778251099402266,0.07784664756263104
370,0.9090108108517801,0.07948229431361098
371,0.9133551802605709,0.1185506150567139
372,0.8724362389899002,0.192980387924881
373,0.6820965706684353,0.33851761047513507
374,0.6987584057727105,0.3403663031505296
375,0.6509653510498302,0.3790872321035237
376,0.6924825747738756,0.3564630190205399
377,0.7421385743142036,0.26871939596410455
378,0.7049530312855404,0.3096579123756715
379,0.6953519406208073,0.3317787460375362
380,0.6764801983315883,0.37119111897703966
381,0.4796504420428851,0.5333402998476742
382,0.6581592630770221,0.40440185827528125
383,0.6633029599955333,0.35427120186278094
384,0.6622648826220541,0.3410559826310257
385,0.5622034727671829,0.4528023370389974
386,0.477990337870817,0.5141278121639129
387,0.48476578695315264,0.4800804566615307
388,0.5244011664176131,0.47043127372744925
389,0.6394991944316694,0.395654823469062
390,0.4785951547544879,0.47266560805279595
391,0.4884986176085205,0.5227097367508645
392,0.6259623150800474,0.3823800115311538
393,0.45784078677166606,0.5537129125318322
394,0.4019759811324291,0.6222584708110706
395,0.3442376026415082,0.6226913983983496
396,0.4211670575637043,0.6178705535934487
397,0.1329728631453594,0.9260441441787645
398,0.1834226946857662,0.8559606327278013
399,2.220446049250313e-16,0.9628844680033353
400,0.027551210800223328,0.9899766856576668
401,0.0020403303190152143,1.0193089797487251
402,0.011486422507604973,1.0046278618432367
403,0.02494327370299586,0.9997021677920706
404,0.025739748073552754,1.0322386113761268
405,0.03502848949569551,1.0215204263548874
406,0.07271055279921798,0.9648082638219341
407,0.10828448802276092,0.9598780815605571
408,0.26034698650360866,0.7743095359518004
409,0.5329015683791594,0.48170460772797136
410,0.7372147295670476,0.2862145884674313
411,0.9024424295232153,0.11323578842212971
412,0.9566164629410746,0.024245763332644502
413,0.9489213063809726,0.02312140775681726
414,0.9368817902615311,2.220446049250313e-16
415,0.9095345611099769,0.000860351086595361
416,0.8431254873761725,2.220446049250313e-16
417,0.9522047275902058,0.0004874980144891167
418,0.9615218146880675,2.220446049250313e-16
419,0.9802264726176466,2.220446049250313e-16
420,0.997937519679561,2.220446049250313e-16
421,0.9534766887042967,0.023569912985844637
422,1.0070416197777121,0.002585129742291676
423,1.0139650490437393,0.005351258002436352
424,0.9862860278371376,0.05097770344174335
425,0.9162791914033138,0.08265890961946634
426,0.9809455569437495,0.008069701797428075
427,0.9741990780630456,0.02155735556121767
428,0.9379854927147887,0.03159628575558571
429,0.8967733730725232,0.0272979272789901
430,0.8994894806310202,0.10969356102822429
431,0.9269483132341689,0.10047706275321608
432,0.8944183452868623,0.12166804260024507
433,0.8794579721591589,0.16495774122960874
434,0.7603937423804137,0.24612849108337395
435,0.7767007245837556,0.21925757160309428
436,0.7875846233305539,0.16963664385695365
437,0.6965679430322338,0.27810321046819936
438,0.6244835448668242,0.34756410807932947
439,0.6248869503089598,0.40500873975261764
440,0.6502379558885353,0.409474958100439
441,0.7573297018852159,0.29259653048066353
442,0.7584742470905343,0.24564565028169116
443,0.6621922931605553,0.3656272553813098
444,0.6345337237158144,0.35517098793404456
445,0.7511096279597699,0.2892512131805309
446,0.7940736874749529,0.19454320567815084
447,0.7174381227805635,0.3266999951554115
448,0.7488857689497138,0.31302012271078156
449,0.7282684741824398,0.2844552840438617
450,0.6604248848228457,0.3771650501672136
451,0.6210050401931402,0.38372760161125646
452,0.7884803324494796,0.22298343916881186
453,0.6766657974256484,0.31361402434083624
454,0.453908297370352,0.5841318024591416
455,0.3986841112995156,0.5894956199409792
456,0.1290281684603809,0.9121788646920334
457,2.220446049250313e-16,1.0254417591588698
458,0.018823031220708945,0.99929496572819
459,0.005943324206338368,1.0256344838887266
460,0.0011659933815874085,0.9967430458149906
461,2.220446049250313e-16,1.0211990205755543
462,0.017028511249397135,1.0081793901465161
463,0.012787707439239609,1.0291737635983027
464,0.008130187662779346,1.025580893843076
465,0.03715245416634225,0.9895090032764049
466,0.0450660414847726,0.9614087711968705
467,0.05821841858821708,0.9531212148802725
468,0.20858509029248873,0.7926772959084187
469,0.5063642981440145,0.520455588806766
470,0.6970891816389007,0.26795757604331344
471,0.7327125896068092,0.26440543727131016
472,0.898936711963352,0.09527145039584957
473,0.9528335323073693,0.06215579378691174
474,0.9410909100556214,0.04271800573137205
475,0.9447521101922136,0.004872758843325797
476,0.9360310171437908,0.023585013238778665
477,0.9476372968012312,0.02346298574912217
478,0.9447131090366221,0.021649732495102072
479,0.9448159171978159,0.016590531411216455
480,0.9217358244910624,0.03120181549983579
481,0.8999527575501874,0.04550699390794045
482,0.8716874940744554,0.07104131261921741
483,0.854538832260361,0.04307224209978183
484,0.7016631451864636,0.18842647477373345
485,0.7521961192404805,0.18392119713122862
486,0.8988677060229473,0.10021153315656695
487,1.0229761550086727,0.006229926681186455
488,0.9552812824872644,0.04602790846968429
489,0.9324843642916811,0.08609583451167878
490,0.8760348506525614,0.13484929041500787
491,0.9018300652452759,0.11652660959447735
492,0.8956932070565456,0.15563299037528003
493,0.9299176534834357,0.07311076302299203
494,0.9144968133672763,0.10523298885298851
495,0.8959748807195106,0.11001420374045294
496,0.8790895902891013,0.08155349344666951
497,0.7803354941770603,0.18931743433600884
498,0.7225149127324864,0.23490285711202594
499,0.696184216232568,0.27777891593504683
500,0.6306965375486075,0.34454973594213556
501,0.7635099788215476,0.27465581564911035
502,0.8228849122907895,0.2387930700077738
503,0.8169647568498871,0.25101440663705993
504,0.8040281396466052,0.23775361083603716
505,0.7551844714896035,0.27292024404475
506,0.7753761577717304,0.2669551323541241
507,0.7313655677507901,0.30031799980230034
508,0.7186006856103989,0.2836812267892206
509,0.7958599148063275,0.22738343426430835
510,0.6379014203866643,0.34668970834125445
511,0.6037025568689146,0.3657390178498874
512,0.6186326709146566,0.32380361767160354
513,0.4780148926781912,0.4861352829145017
514,0.2856711346390107,0.7586455392465199
515,0.03631665368038638,1.0055422141568093
516,0.12860448763002164,0.9184070912172745
517,2.220446049250313e-16,0.9797799020681456
518,0.06025879409268237,0.8896781270802534
519,0.047578904205823135,0.928672845520792
520,0.008233093021379145,1.0153104496967502
521,0.006359319757320706,1.012034439469998
522,2.220446049250313e-16,1.0430685020874544
523,2.220446049250313e-16,1.0067997522490262
524,2.220446049250313e-16,1.0488355255257027
525,0.0017604555094026914,1.028883930291367
526,0.022724287333206507,0.9777761609519782
527,0.04348765028567177,0.9756556491132866
528,0.1941338742093892,0.8413261105320631
529,0.39569064540252563,0.6016274068884053
530,0.5651317674234791,0.4169731207887941
531,0.7019867969946103,0.31677522304260614
532,0.8285005909968163,0.23839857674915008
533,0.8628479214556479,0.16778566918709886
534,0.9376674142810798,0.10684072358549045
535,1.0237003298201963,0.032235186871847836
536,1.0203606435464563,2.220446049250313e-16
537,1.0181082676865758,2.220446049250313e-16
538,0.978199104891208,5.8024134298002046e-05
539,0.9393095409359948,2.220446049250313e-16
540,0.9809745873530885,7.909532330696715e-05
541,0.9920879907076278,2.220446049250313e-16
542,0.9874996536070456,2.220446049250313e-16
543,1.0190447612332192,2.220446049250313e-16
544,1.000071206426335,0.008892172091249926
545,0.9858821631089155,0.0038410890630983987
546,0.9178322941305552,0.031910071416419966
547,0.9389140410656222,0.003889885219931669
548,1.0010212542019374,0.010311517861941922
549,1.0119970646021812,0.014867627999941957
550,1.000507897630168,0.017862929546853718
551,0.9632378709843242,0.03175460592183762
552,0.8837432134218901,0.10441079216708225
553,0.9125963406162951,0.1405380149298472
554,1.0198344088863522,0.030367103537257734
555,0.9951241209494234,0.03848295633327044
556,0.9591853121838331,0.060292984272958206
557,0.9389815295852476,0.0752938064561989
558,0.9095988404068935,0.11558526292783552
559,0.9046461346370417,0.0729123039384471
560,0.8707557795621458,0.11697913847959007
561,0.8914701924878603,0.101872140341899
562,0.8450924075767534,0.13267969946395836
563,0.8640062586718498,0.10408211489069108
564,0.8139629449461707,0.1496915490777827
565,0.8043068465652685,0.16365350725739783
566,0.840687031879613,0.17346389147793911
567,0.8294156256098071,0.1559343321071745
568,0.867874414817695,0.10344045712403542
569,0.8645067232466074,0.12703289771566806
570,0.9017938743326094,0.11393160569139019
571,0.9305410266225402,0.07902824959191661
572,0.8750653521314363,0.1311525277773343
573,0.7105665056293655,0.30853711456081145
574,0.6339754168336216,0.3737952519577239
575,0.6078954515438515,0.38700939029685216
576,0.5736605123844826,0.43306433163121705
577,0.41090992046457503,0.581949327734314
578,0.3891465292422913,0.5909831061250884
579,0.3089692544991319,0.6458489187463715
580,0.21501199922611988,0.777107004251425
581,0.06259078548754825,0.9577126666483958
582,0.02385697452983339,1.0048177805323493
583,2.220446049250313e-16,1.0339175634030795
584,2.220446049250313e-16,1.013956515988696
585,0.0032289453501472415,1.0407235145125293
586,0.013959846407568212,1.0466727226828214
587,0.005167435487601403,1.063626897205666
588,0.01969864545098073,1.0197760940672433
589,0.050381845576276285,0.9459468225823072
590,0.09104845194832001,0.9321564192676868
591,0.2180571097561884,0.8237527316958226
592,0.4032024249264695,0.6345014261629132
593,0.526921293529909,0.4706276452446749
594,0.7128128865789545,0.30334815323969433
595,0.820469027675875,0.23191548868020628
596,0.8465308894911044,0.16062651708640288
597,0.8896999368523895,0.10705190725288799
598,0.9777838899099837,0.05197998109255008
599,1.0111446404816322,0.003636915587807974
600,1.0329955250097995,2.220446049250313e-16
601,0.9914047208570552,0.0014156475726602182
602,0.9306320797398694,0.0021273153076547657
603,0.927850716530727,0.02292980996619388
604,0.9659139859623583,0.0032846810299682855
605,1.0086468417420131,0.0018210910704743709
606,0.9883638174629912,2.220446049250313e-16
607,1.003720593129973,2.220446049250313e-16
608,0.9837601808548465,0.010987356659575594
609,0.9393231624493278,0.05182692969162331
610,0.9539120714316515,2.220446049250313e-16
611,1.0252626816130928,2.220446049250313e-16
612,1.0568817692460033,2.220446049250313e-16
613,0.9993113784920123,2.220446049250313e-16
614,1.033076136027179,0.0011809632834586896
615,1.0143086192995445,0.021390500461249327
616,1.0553095969991872,0.004427794400084919
617,1.0352152497553233,2.220446049250313e-16
618,1.027711842524916,2.220446049250313e-16
619,1.023423648650087,2.220446049250313e-16
620,0.9938734923037793,0.026965401137122223
621,0.9907360005676984,0.02461482430953332
622,0.938562915118423,0.010048504617820881
623,0.9318523580799465,0.03391346380660713
624,0.9547232425510138,0.022474211869557153
625,0.9699444213457197,0.029495829181171287
626,0.9865124566934147,0.012581775271498273
627,0.9184886565403617,0.0695369070250598
628,0.8696664022061973,0.12122316087309463
629,0.8752734091232918,0.15302062399243704
630,0.9017146351425204,0.10012957474940967
631,0.9191126320108355,0.10088176426784792
632,0.9351733353552146,0.1045382113705821
633,0.9111564865829942,0.09553837990184162
634,0.8274896444718259,0.17313000471065473
635,0.8360669112163207,0.19630749076697168
636,0.8410108984179642,0.17135983799387064
637,0.645302952392462,0.4102953747620724
638,0.6659927747741655,0.38521594183773794
639,0.4822381004390311,0.48557598904081073
640,0.3128279756776237,0.7280412297848109
641,0.37250975180508783,0.6391323023849285
642,0.11281126143676043,0.8825317926066012
643,0.09200749362245765,0.944342714950185
644,0.08141953065719255,0.9032876246528039
645,0.025639638416112023,0.9854107012065224
646,2.220446049250313e-16,1.0173138105486383
647,2.220446049250313e-16,1.020993670242261
648,0.003940395357746209,1.0016101229009489
649,2.220446049250313e-16,1.0186729092423183
650,2.220446049250313e-16,1.0267259844581318
651,2.220446049250313e-16,1.0373997999268523
652,0.002877020785973117,1.0497516559700022
653,0.0027408958052791243,1.0411916084264419
654,0.07529276784515983,0.9997179003233114
655,0.1872588667016655,0.8946492092105316
656,0.23881107087066783,0.8088455312660211
657,0.47222959750544746,0.5774939703150924
658,0.5901720673340439,0.4416263828715014
659,0.6836881578343702,0.3683000243323368
660,0.7972824285808104,0.2443050944890667
661,0.7827229285301737,0.26205732863010905
662,0.9928725165876903,0.05491720302624785
663,1.0341294627125246,0.015293090547628738
664,1.0155311432382703,2.220446049250313e-16
665,0.9853530389011381,2.220446049250313e-16
666,0.9264152714588447,2.220446049250313e-16
667,0.8961047929103892,0.01873109099268115
668,0.9212101823355283,2.220446049250313e-16
669,0.9526626321239066,0.022958781551681358
670,0.9726220654823919,0.008848739343046629
671,0.977334818269395,0.0054800425836870085
672,0.9656253273959355,8.556676304853339e-16
673,0.9479024525310528,0.009647676615403078
674,0.9447817836389547,0.04658361514748987
675,0.9150780340359885,0.12077067542128592
676,0.8867671638453221,0.08474058244984647
677,1.021186315647267,0.03525476628173077
678,1.0191605273523041,2.220446049250313e-16
679,1.023140769409304,2.220446049250313e-16
680,1.0094487338905271,8.570517370608858e-16
681,1.0080099689617443,0.003831727760653409
682,1.0246034940597675,0.03617348585005211
683,1.0716809672775984,0.015398940683552974
684,1.0800904161145775,2.220446049250313e-16
685,1.0635293584421794,2.220446049250313e-16
686,1.0457311344843212,0.0037203236486753615
687,1.0078610943169906,0.02809510330852675
688,0.9964315982734245,0.008641900110442526
689,0.9843917453809956,2.220446049250313e-16
690,1.006464057909569,0.0006178791854073056
691,0.9458630190825652,0.05255704206635996
692,0.9264007431982496,0.07181586650531736
693,0.9407195985952657,0.09170608508820642
694,0.9060649486019171,0.16603592374378104
695,0.8995813941697794,0.13158837386586605
696,0.8893375476707154,0.13651076990782204
697,0.903507752394078,0.1126806576866174
698,0.8893852242413108,0.1369023775780072
699,0.8566025088481074,0.15513980846567735
700,0.8771948356077106,0.12621756102467122
701,0.8495753173747083,0.06938740256225069
702,0.7642400288753143,0.2587327670768133
703,0.6375030525372348,0.35256926223350926
704,0.49179350790429593,0.5579072296298374
705,0.6113740154446581,0.37373905821499387
706,0.5410015798062446,0.45645801335873776
707,0.384675879600649,0.6150291323891727
708,0.21536633143742,0.8468874232605771
709,0.2629878386762665,0.7924720729223673
710,0.027957275111238803,0.9988918818131616
711,2.220446049250313e-16,1.0488502774173474
712,0.0589700049647579,0.9509637331836748
713,0.008487460604546694,1.0235944001279946
714,2.220446049250313e-16,1.0101274580867556
715,0.008811647073207727,1.0619021162816331
716,0.005785254311877442,1.019119924303375
717,0.010369031337539579,1.01902957275416
718,0.009355974516407321,1.0679306800000758
719,2.220446049250313e-16,1.0789032585245444
720,0.003935458123154581,1.085912306162205
721,0.021956203835524133,1.035879524403921
722,2.220446049250313e-16,1.0263590333131793
723,0.13763226838912515,0.8740519666207819
724,0.36324355431892824,0.6662798141328369
725,0.5102472735758893,0.5232591313215985
726,0.45901224767141635,0.5559411896448527
727,0.6200317335395847,0.427737397570217
728,0.5894765020118361,0.4131440263672649
729,0.7062911715353689,0.29540079718713613
730,0.8273517617570779,0.19269507659086044
731,0.8858133357534369,0.14631472430083042
732,0.9301912037553312,0.0533912115421679
733,0.9575857970845971,0.03287327367754093
734,0.9242944897789566,0.047136886092931034
735,0.9200666999207576,0.024227837020689473
736,0.9027880129207219,0.011518294389851053
737,0.9226440082540573,2.220446049250313e-16
738,0.9110369376243401,0.00248900388062935
739,0.9911308139702105,4.8223538469672775e-08
740,0.95886699980442,2.220446049250313e-16
741,0.9656591851091608,4.334521159808232e-07
742,0.9603550316100252,0.04976628804110515
743,0.9035145765496548,0.07174512134376021
744,0.9110192327379942,0.11298672540905899
745,0.9177294935265806,0.12157445488144342
746,0.8698584641778716,0.17277492918152446
747,1.0035486616903169,0.06708396757762777
748,1.0219608757644805,0.0020730834657899204
749,1.0481569921014904,0.009137163286786694
750,1.041146728362895,0.022772177201044144
751,1.0204892133183945,5.013539599864279e-06
752,1.0174275226665261,0.02157067373186421
753,1.0320992092842953,0.005412346717149357
754,1.0031768995619872,0.02443615811920893
755,1.0300680602218337,0.0018209058072363518
756,0.9801158056385975,2.220446049250313e-16
757,0.9987911618636962,0.00673629636443027
758,0.9711710718497951,0.015635372726741793
759,0.9680136207020537,0.010399661475256037
760,0.9647721451341322,0.03530922758099247
761,0.9801890572508908,0.03499337964820131
762,0.9371513800273554,0.07609973391721034
763,0.9419060452273205,0.10154217853647031
764,0.8977229447565105,0.07804268601832201
765,0.8448493550629254,0.11138372135629139
766,0.7998044734288092,0.1651304105991271
767,0.7620770689798574,0.22829440885438645
768,0.7503779519455487,0.2263458590018042
769,0.7944563980960151,0.19429896904615804
770,0.6189683255858681,0.39128546761302047
771,0.4407671091032088,0.5991066351796513
772,0.3902747803412437,0.6590334367216703
773,0.35774944364759426,0.6656120189541166
774,0.28230159774302965,0.7895884695937779
775,0.2785097479389337,0.7584459698741952
776,0.2384212683213919,0.7648629728140063
777,0.07794301168900394,0.9578735187605004
778,0.03243573578445446,1.0013190455493939
779,2.220446049250313e-16,1.0231667783073413
780,0.00034500027021597024,1.0125617327589835
781,0.011895345028791,1.0500718004020493
782,0.004737541849791974,1.0263323168595293
783,0.004277553350406902,1.0677734684717661
784,2.220446049250313e-16,1.0961081822069298
785,2.220446049250313e-16,1.1023212365400787
786,2.220446049250313e-16,1.0792803341832633
787,2.220446049250313e-16,1.1002172596524316
788,2.220446049250313e-16,1.038001071388366
789,2.220446049250313e-16,1.069326538739548
790,0.026866756344553707,1.0043778813952606
791,0.14619212599146694,0.910294663229345
792,0.24347270320127745,0.7691503057406405
793,0.44032256644696216,0.5420962538040575
794,0.6246281677206841,0.38121857461777364
795,0.7106005531342955,0.3453652015393667
796,0.7089795345334288,0.3230966181508128
797,0.7017347442906928,0.3404983172853328
798,0.7678927099776516,0.260717652419798
799,0.7682451732988241,0.25780259418284884
800,0.8563066378557349,0.19594429628362164
801,0.9230919012011425,0.06881260905965528
802,0.9194079093627676,0.012224821417534537
803,0.898427486420096,0.0064668455310883145
804,0.9597952778315543,0.001924008887377613
805,0.9381130500133497,2.220446049250313e-16
806,0.9067635183656495,2.220446049250313e-16
807,0.881221467587887,0.019798563008094513
808,0.9266977513652818,0.01846138225445363
809,0.9469238727085333,0.018632342228264858
810,0.90632449131953,0.050790831625356817
811,0.9064221256929046,0.08120583198158554
812,0.8924891253656728,0.09476487848711879
813,0.9447853693985658,0.07587928408934341
814,0.9470533997578071,0.06037694390130571
815,0.9395129544360218,0.06615301919262839
816,0.9399783165215739,0.055868830913609946
817,0.9566154749134237,0.05152746194815313
818,0.9606414198928179,0.005718991611793154
819,1.0022284528201157,0.0215258124266993
820,1.0194218429969109,2.220446049250313e-16
821,1.0022190506149522,0.024795049844205802
822,1.0156879111119208,0.035504414207697024
823,1.0197342805234713,0.014853091306768235
824,1.059809267748963,2.220446049250313e-16
825,1.0657445248215907,2.220446049250313e-16
826,1.0712265132872432,2.220446049250313e-16
827,1.0322895400827299,2.220446049250313e-16
828,1.0182083473792336,2.220446049250313e-16
829,1.0020689485606296,2.220446049250313e-16
830,0.9441829794803606,0.0008752819203329685
831,0.9843029856392458,0.003439936016608103
832,0.9991174023513226,0.017223549863205453
833,1.0074175445733247,0.04477825450561089
834,0.9503674004970344,0.0880638383721025
835,0.9081890315246645,0.12390742759867995
836,0.7975246178423152,0.19272588001047103
837,0.7770333846467983,0.23717911258892646
838,0.7239527770894829,0.2947077334441072
839,0.7350584599137022,0.27637851113313716
840,0.7749853455093877,0.2134001693446727
841,0.6943384840986995,0.2850340952264152
842,0.5501017984961715,0.48566289691976605
843,0.6387687662323323,0.41591394366635226
844,0.4421115261358489,0.5951711198100873
845,0.39575363203019004,0.6357941375588659
846,0.288765731338477,0.7157819577020285
847,0.1781194397091501,0.8530148078113808
848,0.13099423038032887,0.842046107814197
849,0.06910059727918134,0.963317072378663
850,0.07334649172672818,0.939720497557644
851,2.220446049250313e-16,1.0584703038254444
852,2.220446049250313e-16,1.0761784308089513
853,0.0416317493302138,0.997341206401419
854,2.220446049250313e-16,1.0680047439314395
855,2.220446049250313e-16,1.0259805117520762
856,0.006941620969582247,1.0125837767574823
857,0.02335893084984762,1.0057802577900454
858,0.06860357799695035,1.003404286183742
859,0.0008485227199482516,1.045097777983091
860,0.024575537161549463,1.0250836591849446
861,2.924263886436613e-16,1.0873805850909832
862,2.220446049250313e-16,1.0478700542545625
863,2.220446049250313e-16,1.0366373400152076
864,2.220446049250313e-16,1.0693811347035063
865,0.021732878787788568,1.0516052691098778
866,0.18097275734049326,0.8655455609073631
867,0.3318380052272052,0.691965555288138
868,0.3809183830575843,0.676967069636492
869,0.466372043976074,0.5531686525430762
870,0.5882416664368704,0.4836010887778288
871,0.739376615181294,0.3300593694810052
872,0.8878982033956083,0.1845909576666125
873,0.9233235937333573,0.16001596250604155
874,0.9371146819895478,0.12031113688038368
875,0.9537625581783806,0.07477223083203745
876,0.962801466903532,0.051204543979701325
877,0.9801543068158675,0.024303702680733695
878,0.9807188781791569,0.03952048461304168
879,0.9704372996459234,0.03014332676865092
880,0.9747890672023385,0.013158350661445441
881,0.9410282665945763,0.00928880755629167
882,0.9846545625585932,0.0164485879739794
883,0.98439658260783,0.00313320689432978
884,0.9758592417083203,0.007978825937754445
885,0.9580976133683367,0.04593143523734465
886,0.9284743247719767,0.03926491599619353
887,0.8991306223576563,0.09704361781611204
888,0.824684873325822,0.13828471652888624
889,0.9626380525466038,0.036997216428122946
890,0.9443994257559489,0.04533336126172263
891,1.0539041600340118,2.220446049250313e-16
892,1.0133163729407124,2.220446049250313e-16
893,1.0148318782669912,2.220446049250313e-16
894,1.0218215745057189,2.220446049250313e-16
895,1.0102486095650265,0.030114766483879844
896,0.9667607972487802,0.012812331947857004
897,1.015265625255461,0.002855336000865642
898,1.0599493196639682,2.220446049250313e-16
899,1.0439393137122306,2.220446049250313e-16
900,0.9994379559256441,0.0023735996136061257
901,1.0112020621091942,0.0005101569492024136
902,1.008959671915971,2.220446049250313e-16
903,0.9945687935073834,0.00933163940298795
904,0.9819734659872286,0.012220564510598074
905,0.9878152847833297,0.0030471664319754294
906,0.986301856010016,0.014218138814617537
907,0.9678278284251897,0.04947261207696062
908,0.9139725512372011,0.09346343202141731
909,0.8005031713354872,0.1699047977646893
910,0.7447880497868654,0.26691757592283594
911,0.7315705030707178,0.2665507547093157
912,0.7145083911564101,0.2732997225308541
913,0.7370368506384996,0.29468702356736
914,0.8527682087240789,0.14009680028304988
915,0.8240247365481628,0.20302510237053656
916,0.7899291733297509,0.24397033161723347
917,0.45096034195412504,0.6106064322626099
918,0.47159629301887374,0.6138846120406717
919,0.38813400930289965,0.6623713145658231
920,0.2739492051804293,0.7409020550463646
921,0.11949761000198969,0.8253406054116275
922,0.16389115374583751,0.8892887975751909
923,0.13118481955567435,0.9394730361821417
924,0.00796251528506096,1.027311211511789
925,0.008209166926078407,1.0363152469807786
926,2.220446049250313e-16,1.0659718519794488
927,0.07159368803184378,0.9162755803360311
928,0.01258096403741415,1.0268322368483764
929,2.220446049250313e-16,1.0145445931000567
930,2.220446049250313e-16,1.0617058823491277
931,0.006705367150263496,1.0171162013012476
932,0.06368414900381246,0.9565686799919931
933,0.007642987766793187,1.04957920184827
934,2.220446049250313e-16,1.0372894110810693
935,0.017889913120346695,1.040300271785135
936,0.0035533722272602054,1.068032993599395
937,0.020615155389530106,1.0342470042285146
938,0.05455048702373035,0.9873435261893736
939,0.05003375818219213,1.0095093988446937
940,0.09483482514763951,0.9708300198178017
941,0.16324997901442917,0.867143671316952
942,0.24480384799021623,0.7734516139418669
943,0.3845806931861822,0.6506458054104952
944,0.37442765209092227,0.6074136667768697
945,0.5066309556234643,0.5200623742254533
946,0.6215482674277462,0.4121552445664997
947,0.8208240393039078,0.23691993201309453
948,0.8676576249197482,0.16355671143319242
949,0.8948825351631025,0.14212841494966197
950,0.8585208151649446,0.15041031408702213
951,0.8713758328283124,0.11467000621681561
952,0.8575595710536525,0.1813702693288178
953,0.8928115041403152,0.12531422505897505
954,0.962816399634809,0.07711957810220167
955,0.9670989867581894,0.02070734560002602
956,0.9354023963908098,0.030949970901312733
957,0.9408089899365359,0.04827668513630629
958,0.9466977464695914,0.023458498396317164
959,0.9358305694690731,0.06238569917765555
960,0.927999496010684,0.07622587446831465
961,0.9293938768205543,0.08411659359820368
962,0.8957964907264994,0.08718360411444993
963,0.9116260569385891,0.10012436537469943
964,0.8839500195700716,0.11706503626615822
965,0.9796628646107558,0.028341013560862046
966,1.0187953908543073,0.0023864329844535473
967,1.0337279485683928,2.220446049250313e-16
968,0.9923058830077067,2.220446049250313e-16
969,0.9904049867842702,2.220446049250313e-16
970,0.9725252115632472,2.220446049250313e-16
971,0.9941405499089129,2.220446049250313e-16
972,1.0132658321111256,2.220446049250313e-16
973,1.0031225871219314,2.220446049250313e-16
974,1.0238667310237726,2.220446049250313e-16
975,1.026866853486898,2.220446049250313e-16
976,1.0226916093469918,0.0008502619898154058
977,1.0020306209239873,0.0032605851620324615
978,0.9809637167752352,0.005141579032614294
979,1.0452792841866667,2.220446049250313e-16
980,1.0138974995919905,0.007156851876478389
981,0.9799892866156968,0.001719601394120536
982,0.9774074334127195,0.009979597535577927
983,0.9607581506308007,0.007508296751986894
984,0.9559470599726823,0.04594479517918581
985,0.9281569701958525,0.08111664340158063
986,0.7962002576174492,0.17413380324168012
987,0.6889048746311195,0.28041403438100926
988,0.7220063166642688,0.28753757376661276
989,0.705816602002948,0.31001729906608677
990,0.6817192504640653,0.3167252771503483
991,0.7488286006782109,0.31811699005354643
992,0.6500753964221152,0.3531904306275061
993,0.4471676129902378,0.5650873982086568
994,0.3580443307612148,0.6433446359429726
995,0.3047112617778009,0.7104587559729304
996,0.28782064684310255,0.7450937846835743
997,0.4344258441057908,0.6153788967443525
998,0.37549185916768557,0.6561861270014776
999,0.10538441077094554,0.9413569246384432
1000,0.10836612444544136,0.9265640887130089
1001,0.07554919360151745,0.9623166133247292
1002,0.09296374807245626,0.9189893914064095
1003,0.0043111719932859135,1.0388003222479494
1004,0.018113632918552836,1.043041553117027
1005,0.06649632003793154,0.9831808779042023
1006,0.04652083276690662,1.0124525879195112
1007,0.08828007534394225,0.9434806962999145
1008,0.004285213614104399,1.0358629073232222
1009,2.220446049250313e-16,1.0190966268963186
1010,2.220446049250313e-16,1.0670651920739822
1011,0.01237538988838027,1.095852264086627
1012,0.03992359542350222,1.0259698579887322
1013,0.03979984410550568,1.0171416775761946
1014,0.1039002802665654,0.9844980941126261
1015,0.10187500400033526,0.9705481489460736
1016,0.10141357157333325,0.9507110455183322
1017,0.16914430816610448,0.852194274066649
1018,0.21310555855406724,0.8231288379748568
1019,0.29499438666085953,0.7436996415792095
1020,0.43838167889214075,0.6451405859326859
1021,0.463583220108025,0.6027258158546575
1022,0.5407384573964747,0.4571934122230276
1023,0.7200008056292524,0.3071908370974088
1024,0.7867808638607265,0.23695440349995256
1025,0.8078302201978007,0.2095291512860569
1026,0.86369465682529,0.18068250792418733
1027,0.9191591073782039,0.16087076924721166
1028,0.8428912015966754,0.19507058356570067
1029,0.9511943096486831,0.09518121694268622
1030,0.958658036453934,0.11933489982970455
1031,0.9748663753301396,0.07021622265503612
1032,0.942646997685749,0.05761934435195441
1033,0.9525085060362514,0.01147753603464696
1034,0.9604810857267709,0.02551633807078023
1035,0.8961512342347758,0.08805155825880294
1036,0.8995587219929644,0.12142683135486292
1037,0.8853139976646067,0.13156597805484344
1038,0.8573457313186675,0.22628727052919795
1039,0.8020802185088617,0.2326048120213926
1040,0.895741220787248,0.11233132373045028
1041,0.9789784695169119,0.03144272826158612
1042,0.9753434509004872,2.220446049250313e-16
1043,1.0074759702292586,0.011229938556821606
1044,0.9942324045800418,2.220446049250313e-16
1045,0.993626117603148,2.220446049250313e-16
1046,0.9957199957839972,2.220446049250313e-16
1047,1.0054123782014117,2.220446049250313e-16
1048,1.0422688533351863,2.220446049250313e-16
1049,1.0292284524575384,2.220446049250313e-16
1050,1.0345825710679266,0.0005912561165236336
1051,1.030640061688799,2.220446049250313e-16
1052,0.9778873478940922,2.220446049250313e-16
1053,0.9473580323670563,0.028700507805274087
1054,0.9826494743564685,0.0076651119541725
1055,1.0095398676416307,0.04522067482050659
1056,1.0016076509270793,0.0498308176352042
1057,1.0437181554740302,0.018187402289417665
1058,0.9911157057689997,0.015033784463596926
1059,0.9361789229581693,0.03595114271803487
1060,0.9124624982927462,0.09061552560924906
1061,0.787020070928666,0.22652422532049588
1062,0.6637835987895612,0.3100085299823197
1063,0.5381879834828558,0.5099219196395555
1064,0.49622114268603734,0.5128940913879082
1065,0.47221941264488837,0.5788215243514327
1066,0.5329235557086339,0.5208931405671431
1067,0.46314235714693525,0.5723970111349788
1068,0.450355416689036,0.5640692361526194
1069,0.2439727891979285,0.7908949081531884
1070,0.24779912287917483,0.8000955626705212
1071,0.43040258307037454,0.5866654165153294
1072,0.20336713005701001,0.8335168927827767
1073,0.28336286499486807,0.6815967502383902
1074,0.3239271951752002,0.6598742111257134
1075,0.23898933903592826,0.7936335495766889
1076,0.2232412022000009,0.7569861008799065
1077,0.18632739134422177,0.8037872508235583
1078,0.20565354851535989,0.8150630813355229
1079,0.1161298663826967,0.9468927730556672
1080,0.015066738158622391,1.0109205850574183
1081,0.16962653308742112,0.8666078366450406
1082,0.13999903789172566,0.8994253821449256
1083,0.17769424357271302,0.8571505068522685
1084,0.12078965361843577,0.9239499462233334
1085,0.04067815568954738,0.9724289475554014
1086,0.050536336062985424,0.98522314169088
1087,0.018113821194981918,1.020664733661009
1088,2.220446049250313e-16,1.0596252697153148
1089,0.056538097844987034,1.0169797340697397
1090,0.07437772184597306,0.9677473650525763
1091,0.05337857938933095,0.995188956766217
1092,0.0636888294632657,0.9926547478247665
1093,0.10417543480948971,0.9731516537124316
1094,0.08621616411123888,0.9761320905076745
1095,0.14732756007310996,0.9079021194325317
1096,0.3164340149204499,0.7166301481176056
1097,0.2650336527664047,0.8072142857191645
1098,0.2993064380329386,0.7261376252550669
1099,0.4906837464311843,0.47990903062535994
1100,0.6004948802839741,0.3393303526486041
1101,0.7166820397474551,0.3545192366270188
1102,0.7444358044814667,0.2748646770627493
1103,0.7228917235249467,0.2960948918267468
1104,0.7470458646592372,0.28068837301952454
1105,0.7076844759191078,0.3499547339945069
1106,0.7875386202717968,0.25992412285053096
1107,0.7679207197400528,0.23796639999953184
1108,0.8720001952990065,0.11445940131054183
1109,0.8793383993075342,0.08575569445158103
1110,0.8484385222658077,0.0789344548490774
1111,0.8985226422345144,0.06315513541195966
1112,0.8585083747074426,0.10916425265073725
1113,0.8128506113903747,0.1824992804885598
1114,0.7803460502636076,0.2543577510264547
1115,0.7839076287642389,0.2280354040006899
1116,0.7373882661146121,0.243692271096357
1117,0.7676268734016125,0.2278799363261031
1118,0.8084298630303892,0.18798715932686752
1119,0.9839769980783593,0.010880660139816322
1120,1.0217991041858874,0.0006256400621902082
1121,1.0369607637762404,2.220446049250313e-16
1122,0.9901121588588929,2.220446049250313e-16
1123,0.9954776380390532,2.220446049250313e-16
1124,1.0022935863124058,2.6708047042109832e-06
1125,1.0253823390495327,0.012166730354828438
1126,1.0232195235284112,2.220446049250313e-16
1127,1.0367543437336453,0.007137618737817339
1128,1.014163865169847,0.03189027335172118
1129,1.0239339771132705,0.007274414273810739
1130,1.014729968779834,0.0070132653404119975
1131,1.0266426908752715,2.220446049250313e-16
1132,0.9895202312005141,2.220446049250313e-16
1133,0.9774900557602588,0.009209578965949594
1134,0.9561490718240531,0.02518166787771233
1135,0.9382028088021861,0.06785932983169495
1136,0.9310597688522436,0.10474521918184647
1137,0.8117381819545118,0.2009175919833676
1138,0.653577134302697,0.3125011469236504
1139,0.4306467694986134,0.5294571689163375
1140,0.3205963962963245,0.640011117708023
1141,0.1939294697723969,0.7742844114677667
1142,0.25155148633341623,0.776134343568167
1143,0.36214256622707747,0.7041969319724851
1144,0.2865275176168578,0.7624771464931294
1145,0.40689540285474574,0.6143591233848095
1146,0.3949332644715415,0.6470532651830684
1147,0.3213350748316776,0.6834365379516261
1148,0.4059535751224548,0.635650608521552
1149,0.3842142345526109,0.6354773997118208
1150,0.29590022336737903,0.7447235740019922
1151,0.2888664728344909,0.7319238785548744
1152,0.28716563011589696,0.6827056915720069
1153,0.2408972357908286,0.784524172708567
1154,0.21798450488078994,0.7986539467727105
1155,0.124035135372248,0.8866179504408931
1156,0.24481884301317253,0.8107731874076999
1157,0.09079005315474566,0.952743515510439
1158,0.22027364691106074,0.7963216865275118
1159,0.14827252640259803,0.8750817411581511
1160,0.12114712545349679,0.913518589733283
1161,0.10855652986252536,0.9216962807278197
1162,0.06852872423080328,0.9393380327368555
1163,0.06028500686934245,0.9877618528299626
1164,0.015735371934159564,1.0253949772349606
1165,0.0038453899264057467,1.0155386481196522
1166,0.0012367138621179167,1.0505321358186395
1167,0.014815156260662333,1.0522824374225557
1168,0.01799451747968093,0.9991909466632588
1169,0.040550379360171245,0.9610926775040023
1170,0.05848805992772188,0.9447895170403485
1171,0.0905007300960276,0.9399401829390654
1172,0.12923688230101318,0.8823998017590572
1173,0.23571610888018904,0.8146697103782238
1174,0.18997388539734353,0.841686765757858
1175,0.21934641474658378,0.8034088477257773
1176,0.4494030407818885,0.571661656709213
1177,0.5878313692765214,0.4247993157861173
1178,0.6549324830910187,0.35129830007784385
1179,0.6745642965993549,0.3269007056678541
1180,0.6722706588034089,0.3207528464255747
1181,0.5661367671308833,0.41573600991672655
1182,0.6561453894760014,0.34590051495630936
1183,0.7431924428782312,0.20676581506556913
1184,0.8094149571163441,0.1858887867799752
1185,0.8336853201796196,0.15043200123394118
1186,0.7986892732398018,0.15159791189652452
1187,0.7765760617731069,0.12419170155438643
1188,0.7203684598577427,0.24189605067430853
1189,0.7170934095550463,0.28231529325498
1190,0.7353324518750088,0.2896947951075941
1191,0.6663312154105646,0.3342095054553502
1192,0.6683010863834601,0.37896371563110437
1193,0.6217758882287627,0.419521722194303
1194,0.673614042831021,0.34962750089571215
1195,0.7562493150581608,0.2489829889758948
1196,0.961444577093703,0.05187909311903678
1197,1.0200867464516619,0.004770247732365259
1198,1.0706987132928654,2.220446049250313e-16
1199,1.0295260031489382,2.220446049250313e-16
1200,1.0254707839727766,2.220446049250313e-16
1201,0.9955525095357991,2.220446049250313e-16
1202,1.010710782942954,2.220446049250313e-16
1203,1.0288092108989193,2.220446049250313e-16
1204,1.0243055693008924,2.220446049250313e-16
1205,0.9608978512727565,0.047912350782078277
1206,1.0009848034238142,0.022600721841306164
1207,1.0097363019386298,0.0015075632196390168
1208,1.0084431063127388,0.010905864960668305
1209,0.9846227413294245,0.04872160740196281
1210,0.9599046276038968,0.07338198375007485
1211,0.92917695009989,0.08128088488759938
1212,0.889777812562482,0.14312956378178862
1213,0.7378173348858449,0.26055714018510306
1214,0.5744003692273514,0.4013239100188179
1215,0.562886380141063,0.3633481171877492
1216,0.5004807334199272,0.47266330885195457
1217,0.2820571979977722,0.7027708153231215
1218,0.14728884901939096,0.8710952212711227
1219,0.11192989190748534,0.9043063561007405
1220,0.07693837318187913,0.9770124462443073
1221,0.14245868490445066,0.9123946305237987
1222,0.19553501796355463,0.873911917204793
1223,0.12897528978002504,0.9328963599845979
1224,0.21527362052662702,0.8495428910325721
1225,0.24046185400179856,0.8210205297610119
1226,0.3531329245396563,0.6558192403492374
1227,0.4387754220767497,0.5686954547549499
1228,0.32347465440625023,0.7053940059093677
1229,0.15201856403944816,0.8227327381103942
1230,0.24625392599743395,0.7661421785813801
1231,0.34537255622210844,0.6921898746424567
1232,0.23423693751438793,0.8079655879911167
1233,0.09596798893564894,0.914290565231135
1234,0.20701667075988656,0.7966273626435397
1235,0.08002890058944023,0.9620755036677299
1236,0.16833348831797607,0.8459246155466642
1237,0.1591793371786651,0.8282735485179664
1238,0.02042498548775734,1.023509903195361
1239,2.220446049250313e-16,1.090114646561569
1240,2.220446049250313e-16,1.0845000175370016
1241,0.01890957754595254,1.0562424384428857
1242,0.015230077442722112,1.0719865213446986
1243,2.220446049250313e-16,1.067268851141243
1244,0.031315118224755426,1.04372858782948
1245,0.0040817770899296965,1.0670849294573386
1246,0.029899339779211217,1.031652590000115
1247,0.06150646343892127,1.014865884972591
1248,0.1056247525323627,0.9527713404570591
1249,0.11037463660479788,0.9182271550043757
1250,0.18702062741205167,0.8515701474359288
1251,0.15304071505924244,0.8901810989617459
1252,0.21313870414299266,0.7981274820494946
1253,0.3310556739750324,0.685674238407917
1254,0.5509200508781387,0.5126452807867862
1255,0.5334303322642275,0.5164447352839471
1256,0.6642655841519659,0.35282115358988386
1257,0.6802328163371888,0.3495610808240058
1258,0.7293834176909338,0.28132807375096436
1259,0.6984413548027656,0.3381666376324335
1260,0.6753819670988065,0.36545307058392273
1261,0.6870076456230381,0.2842412420624197
1262,0.6894151788916585,0.2663917651708372
1263,0.7188129010870427,0.21266750847147983
1264,0.7306736728150017,0.22370912007886604
1265,0.6366162462535773,0.2258085232750891
1266,0.614353148546398,0.282718197258005
1267,0.668830376818036,0.30727132201264223
1268,0.6558898861162082,0.3466601750025646
1269,0.69146971242319,0.32636988718313337
1270,0.7217837166621878,0.3115111991468105
1271,0.6738214023576178,0.3257173540014817
1272,0.6429257270500709,0.32722476249611554
1273,0.8822694365271561,0.17009527137123037
1274,1.0225142957401174,0.023258858606428894
1275,1.0484814627714556,2.220446049250313e-16
1276,1.0301120009812175,2.220446049250313e-16
1277,1.0120087868682703,2.220446049250313e-16
1278,0.9422926624443856,2.220446049250313e-16
1279,1.005952359190177,2.220446049250313e-16
1280,1.0082518498964201,2.220446049250313e-16
1281,0.996944838351568,2.220446049250313e-16
1282,1.0222661309499053,2.220446049250313e-16
1283,0.9605604259797458,2.220446049250313e-16
1284,0.9592652083303477,2.220446049250313e-16
1285,0.9924671316403426,0.006758215110780436
1286,1.027738397255949,0.010880670822923799
1287,0.9992162573657669,0.023546527918122832
1288,0.9311498602053481,0.11236535407631973
1289,0.8337333052994323,0.2306092661504829
1290,0.7582771086343773,0.3028824975755208
1291,0.6127661843866551,0.42355375264735057
1292,0.45369780675130605,0.5633996753701146
1293,0.31792265213350024,0.6764840906198896
1294,0.11054132301533878,0.855906656307912
1295,0.1612022927325388,0.8104716362121838
1296,0.0597848175465656,0.9185612548498762
1297,2.220446049250313e-16,1.0148426267441897
1298,2.220446049250313e-16,1.0147787854315504
1299,2.220446049250313e-16,1.021456501065637
1300,2.220446049250313e-16,1.008030063795602
1301,2.220446049250313e-16,1.037018707840414
1302,0.012543108821952146,1.0174217264857608
1303,0.17401888794556464,0.8551848833410355
1304,0.23409414914410892,0.7594042853996376
1305,0.2151152503446317,0.7996954331105894
1306,0.20696991926179742,0.8058738866954333
1307,0.2505964838376065,0.7992114080228753
1308,0.17064007999450453,0.7995332785329452
1309,0.09776907060420299,0.9187387160231314
1310,0.16260696120057153,0.8446736259784816
1311,0.24358333340553964,0.7082356538854814
1312,0.11427097037245879,0.9181866496824016
1313,0.06277933739281596,0.9597952727381839
1314,0.08251022710506842,0.9557767328009706
1315,0.052086833267751396,0.9446443735325705
1316,0.0551798179004481,0.9206521389991354
1317,0.08068317973932054,0.9179102816406701
1318,0.0016774093277724127,1.0115992883098748
1319,0.03933996675771639,0.9478557794530916
1320,0.051178544100618624,0.9593545436663891
1321,0.04044212870460114,0.9369624060601545
1322,0.09412586681966398,0.9185941640401406
1323,0.11149351762979266,0.8657873025058577
1324,0.0921782111160692,0.9137571901421507
1325,0.11119222688114332,0.9201441994298115
1326,0.13147527635757472,0.9285525239105912
1327,0.18921180769609078,0.8892697284322307
1328,0.17863338673639564,0.881245474259292
1329,0.24175035369829337,0.7976034965957186
1330,0.39028534917810875,0.6659481080759171
1331,0.5539612231027325,0.48027103439420266
1332,0.6481004599647375,0.38266899568184254
1333,0.7027467261884658,0.336844825161136
1334,0.8025209627202993,0.20220126988334372
1335,0.7047675130868025,0.2838565418383005
1336,0.7273782110834667,0.2428230753089264
1337,0.7457707163704171,0.2533963560129781
1338,0.689196286014133,0.25101542183088077
1339,0.719379191955509,0.2853008060295626
1340,0.7424640001846644,0.254317546123993
1341,0.709045475241428,0.2759850194600794
1342,0.7876204177314265,0.18958969761262898
1343,0.855804292109552,0.10575553595478325
1344,0.7472097704898004,0.23161255918014306
1345,0.7403135898607407,0.2917663843243727
1346,0.682599525688273,0.3225512105464322
1347,0.575480101610758,0.4342079996948813
1348,0.7056232599502559,0.2997655294631352
1349,0.691299866304528,0.32074296150985687
1350,0.8358316082454901,0.1884529474051523
1351,0.9015050788722658,0.1032916898834885
1352,1.0116350512019485,0.006914971937740448
1353,0.9766350205590559,3.214701580338626e-06
1354,0.9752856982817889,2.220446049250313e-16
1355,0.9869131322755184,2.220446049250313e-16
1356,0.9793530753184084,2.220446049250313e-16
1357,0.9714530759466045,2.220446049250313e-16
1358,0.9639709856911661,2.220446049250313e-16
1359,0.9884182316754119,2.220446049250313e-16
1360,0.9700891815195807,2.220446049250313e-16
1361,0.9672718574734037,2.220446049250313e-16
1362,0.9857218877928506,0.006059795962686669
1363,0.9727902520606914,0.017665807925411503
1364,1.0243303198834353,0.016361086115349595
1365,0.992984053936647,0.05191332621403141
1366,0.8865130971702214,0.17098782496594347
1367,0.7449559301965274,0.29210056869512446
1368,0.6574982449123603,0.33493814173743397
1369,0.503306477129354,0.5156358122317318
1370,0.3101735682560443,0.6761982394542165
1371,0.11983197326554627,0.8246482396346883
1372,0.011779410170839886,0.992666185458895
1373,0.006143209500476965,1.0194011152226445
1374,0.008743064810253188,1.0066471623988487
1375,0.018206488785014914,1.0052879653055486
1376,2.220446049250313e-16,1.0530988060108715
1377,0.007232217941569004,1.0543151490056533
1378,2.220446049250313e-16,1.0095346378952779
1379,0.03447176877004257,0.9748250415004265
1380,2.220446049250313e-16,1.0488941345194638
1381,0.047944453801270284,1.0212338191141785
1382,0.14965319266466776,0.8965818580254172
1383,0.2887892464840116,0.7668217407112591
1384,0.28391871726087103,0.7284033230507945
1385,0.22273865747533836,0.7691773697384751
1386,0.357132763568429,0.6558922318037164
1387,0.2802668140417818,0.622352579694338
1388,0.2327767285525554,0.6871893683457642
1389,0.31529539231975334,0.71523118151171
1390,0.5389445782298855,0.4535204396910791
1391,0.37137750311144296,0.6361395497979146
1392,0.3642986444417215,0.6431316803868476
1393,0.29870852669936976,0.6691291240116723
1394,0.10491118530741386,0.8709381417187196
1395,0.11758014387218058,0.9098613457996847
1396,0.13150676639925157,0.899701343459601
1397,0.03694712582832521,1.0079853640665892
1398,0.10140831304056132,0.9631892234565438
1399,0.09330684753726226,0.9810717594731362
1400,0.09405886545775399,0.941378797100788
1401,0.02322780592623414,1.0124372276027043
1402,0.07612053522300373,0.9715391534354361
1403,0.1323676303166643,0.878431889357291
1404,0.17681217569848923,0.800004704746291
1405,0.15264234537102553,0.8876360064210259
1406,0.21648900534278884,0.8439990756012531
1407,0.16328319868957508,0.8957359646998369
1408,0.21427295379507863,0.8454566359267828
1409,0.3682897937548375,0.6868188005218587
1410,0.4278267663521432,0.6159581270034304
1411,0.4941827180508647,0.5523417810118092
1412,0.6662690056465329,0.40784699395748747
1413,0.6938802351607967,0.31619283903636486
1414,0.6406563939780184,0.3206919452067894
1415,0.7823090843949507,0.21436432118135307
1416,0.6888221842646649,0.3020442499674563
1417,0.6672979753257,0.3218974343350775
1418,0.6395913866965066,0.3770398775221986
1419,0.5921145008214701,0.42102434426197105
1420,0.6407226829693825,0.32603035208848014
1421,0.6970530576649269,0.24399038680413201
1422,0.6709666062534603,0.2423549894965016
1423,0.5491003354575678,0.3697577324453006
1424,0.5220438682823514,0.4102742259962883
1425,0.5848702110160934,0.366936028800553
1426,0.6733643955918572,0.276316907239079
1427,0.5972810626141772,0.3414770516463545
1428,0.6810320242277644,0.31517317953459517
1429,0.7746477794899992,0.24454277015041917
1430,0.9050774100113034,0.08608407924430221
1431,0.9422321993992673,0.06191405621101554
1432,0.9810882928373621,0.0005675029627439358
1433,0.9708765014736432,2.220446049250313e-16
1434,0.9580663949548865,2.220446049250313e-16
1435,0.9679381380767411,2.220446049250313e-16
1436,0.9774994426762471,2.220446049250313e-16
1437,0.932322387239225,2.220446049250313e-16
1438,0.9526936241446303,2.220446049250313e-16
1439,0.9499348296898875,2.220446049250313e-16
1440,0.9647639089274896,2.220446049250313e-16
1441,1.0247493998214419,2.220446049250313e-16
1442,1.0089455295105842,2.220446049250313e-16
1443,0.9953835866814195,2.220446049250313e-16
1444,0.9926684661363403,0.014682450219724523
1445,0.9649271548426818,0.06038966518594541
1446,0.8672422228400622,0.1365441540200075
1447,0.739669970738389,0.3048304035170796
1448,0.6356421610534191,0.44259067653130635
1449,0.4558022234616058,0.5464850971354559
1450,0.36676871494231067,0.6577198631895034
1451,0.26171757276049284,0.7376854592693048
1452,0.07708201920647413,0.940467194947967
1453,0.014920851245074028,1.0054034394060312
1454,2.220446049250313e-16,1.0345773597860024
1455,2.220446049250313e-16,1.0603437382451717
1456,0.006052432020821658,1.063976726242409
1457,2.220446049250313e-16,1.0428299761049236
1458,0.0005591799495107904,1.0448453372450754
1459,0.028315706442248557,1.0183605003838583
1460,0.03872405656377025,1.0213337413923111
1461,0.016272205674598812,0.998665410099841
1462,0.014029756937410109,1.016291970272395
1463,0.10565413117236638,0.9032809672396923
1464,0.13607202467640528,0.8891087836953642
1465,0.2224007234490394,0.7928228521406232
1466,0.24565856318663176,0.7845151690222015
1467,0.281485861914595,0.6849125064683469
1468,0.4104480311651114,0.5801570628223028
1469,0.43736188188642455,0.5122437068097409
1470,0.41489219719958637,0.5813147032301322
1471,0.5793860509352622,0.4667385849787618
1472,0.49991914110643915,0.49592256239220767
1473,0.45734535992595565,0.5334263460196762
1474,0.22475554917382948,0.7640191882994286
1475,0.3534404094518273,0.6920391366325903
1476,0.22464150941120642,0.7770845969859711
1477,0.25719567072545324,0.7443229108383519
1478,0.1786204104702836,0.749308879823214
1479,0.16061169395981895,0.8307351305941681
1480,0.08705349997047704,0.9058589678136669
1481,0.07590406553454905,0.9322770273656026
1482,0.14586376674618337,0.9117918228031252
1483,0.06911984832433975,0.930298980878418
1484,0.1818544962785817,0.8442938933761548
1485,0.2522693605537912,0.809939004903185
1486,0.2565647286609438,0.8315518892978341
1487,0.23654138838801536,0.8248406951620024
1488,0.30886491698791163,0.7909330371178709
1489,0.3354821664240805,0.7106862205059549
1490,0.4581224327235468,0.5616897384677662
1491,0.6144876286587684,0.3890403430537464
1492,0.6355803864394229,0.3559301263848959
1493,0.6750898020365286,0.34011626368286363
1494,0.6747867669854215,0.2791866426295724
1495,0.7759145351547297,0.22296973890184185
1496,0.7495152858841685,0.22085483911655265
1497,0.754795297444282,0.23873028543938016
1498,0.7575182607839447,0.21826884801744828
1499,0.7888182799873824,0.23376405799437355
1500,0.7748585051816359,0.2529366616252452
1501,0.7651676374042924,0.3034026226511194
1502,0.7063866469859635,0.3056245725055796
1503,0.7698220812411984,0.17428942761369037
1504,0.832527318472656,0.16983464690680075
1505,0.7762692802915027,0.2755873142609327
1506,0.7518391807841539,0.2847695464094837
1507,0.6959284840143077,0.3293174070067889
1508,0.6634581646940921,0.3299924452843881
1509,0.8325201704207194,0.135334952832706
1510,0.8705537745328991,0.13202373767466571
1511,1.0058865777013453,0.0494892577863402
1512,0.992105547504674,0.028972016968476746
1513,0.9761279788993595,0.0023535507720441537
1514,0.9780614714785129,0.007227797322458668
1515,0.9828937079170635,0.0068098260300667466
1516,1.007236548660039,2.220446049250313e-16
1517,0.9871494473565712,2.220446049250313e-16
1518,1.0019658279858685,2.220446049250313e-16
1519,0.9976321207223541,2.220446049250313e-16
1520,0.9915208231081766,2.220446049250313e-16
1521,0.9817356709051671,2.220446049250313e-16
1522,0.9718126799611809,2.220446049250313e-16
1523,1.0112358853852679,2.220446049250313e-16
1524,0.9637094648917541,0.047974715204824776
1525,0.9181663182928558,0.09329754582622575
1526,0.8770142485140277,0.16054341268639352
1527,0.7000149001596438,0.2880969852389434
1528,0.5795808422890505,0.4403566064065733
1529,0.38982312612641695,0.6321706246147931
1530,0.3404970774402743,0.7230465706448074
1531,0.23727356430390292,0.8117287988056867
1532,0.09851364728593164,0.9058990123541163
1533,0.00902267369674702,1.0315877120474335
1534,0.002219459587508028,1.0371095120274192
1535,2.220446049250313e-16,1.0522225519857462
1536,2.220446049250313e-16,1.0693787898500546
1537,2.220446049250313e-16,1.0781012712919458
1538,2.220446049250313e-16,1.0480291032779734
1539,2.220446049250313e-16,1.0081448266194235
1540,2.220446049250313e-16,0.9891446501228922
1541,2.220446049250313e-16,0.9502082131304732
1542,0.057152359744504264,0.9852130843707406
1543,0.09329874865407096,0.9298113888138135
1544,0.248218862041482,0.7639124292395395
1545,0.2752310406919028,0.7032393166313698
1546,0.28136325523494515,0.6654468065777767
1547,0.42447511531821547,0.5287122338608449
1548,0.40674544154296405,0.579564765611763
1549,0.3959460573075455,0.6520998895618306
1550,0.3921735010456298,0.6275791950110449
1551,0.4151330474288998,0.623906200914553
1552,0.4599698028342263,0.6093745076979761
1553,0.2703820806804175,0.8093298193892922
1554,0.3253871740140626,0.7059695011008195
1555,0.28857347055393445,0.7563489285323158
1556,0.22544046773819787,0.821956382507035
1557,0.2925884163799917,0.6962844446392705
1558,0.34250630025203327,0.6550871734504752
1559,0.3685249205967904,0.6491654465296425
1560,0.3450566356795943,0.630741374299967
1561,0.20562170728768805,0.8025998405450986
1562,0.2319740814403637,0.8140105847305943
1563,0.23695348505448563,0.8352511538270199
1564,0.17670369348432893,0.8798402857955809
1565,0.17827996467985363,0.8696842932387855
1566,0.3695882382362242,0.6772952936821794
1567,0.30844961998730325,0.6995005883241475
1568,0.42037169316602313,0.5413409094249969
1569,0.4477104047623172,0.542517264106546
1570,0.7494845201173926,0.25916941303293517
1571,0.7532922451386392,0.2717758968556399
1572,0.6241839538022317,0.32869320259813833
1573,0.7024238023386555,0.24723483248095676
1574,0.6849665123878954,0.2641425685419897
1575,0.5737337922551994,0.45353646567612926
1576,0.6966345288146604,0.3728436485844901
1577,0.6580912553065086,0.3566424531866146
1578,0.7217143327247847,0.3223993708307278
1579,0.8169499303787325,0.21285948314866235
1580,0.8613287955075901,0.11389584718773234
1581,0.9350966581447566,0.077046886472954
1582,0.9125649752485057,0.07784734795189542
1583,0.9563077062617945,0.024760015222432267
1584,0.9566822088595566,0.018778851345704787
1585,0.9634486479682735,0.0021121929884902494
1586,0.9651032921664643,2.220446049250313e-16
1587,0.9823019586246265,2.220446049250313e-16
1588,0.9744274308564015,2.220446049250313e-16
1589,0.9973932700519699,2.220446049250313e-16
1590,0.9691215193930556,2.220446049250313e-16
1591,0.9841294481175094,0.003769637433350859
1592,0.9509133220050017,0.03805071753709836
1593,1.003978743866393,0.019187206118842903
1594,0.9743507424047522,0.04026549164433957
1595,0.9123166960297411,0.09927836148374225
1596,0.788494920200363,0.2343192685692029
1597,0.7416256459511392,0.2874748879513447
1598,0.5336850645002438,0.46987313386171925
1599,0.30805477125446024,0.7533642627264284
1600,0.20683589665532626,0.8385646851911567
1601,0.1909258895636589,0.8760385583809615
1602,0.10350184635535882,0.9499305111627974
1603,2.1888265621001578e-11,1.0592639044052456
1604,0.006019010380471916,1.040030802006574
1605,2.220446049250313e-16,1.0409463575764804
1606,2.220446049250313e-16,1.0429902844104082
1607,2.220446049250313e-16,1.0560107446105487
1608,2.220446049250313e-16,1.0781835874056056
1609,2.220446049250313e-16,1.0216268760569747
1610,2.220446049250313e-16,0.9956908076820332
1611,0.0010668676387042156,1.0075930227999106
1612,2.220446049250313e-16,1.0450515701302356
1613,0.04668971610159075,1.0198865907176455
1614,0.16170592048528812,0.9001093982605106
1615,0.33580268075187975,0.7252225077815916
1616,0.4130158809740373,0.5724636764006632
1617,0.44249960876275035,0.5521377078220159
1618,0.5093609799050718,0.4962957450215318
1619,0.7272032113760045,0.29746762974686336
1620,0.5604411014562245,0.4473625906358757
1621,0.581744479239856,0.39620319854609237
1622,0.48722949844609037,0.4678087459578545
1623,0.4295683973876318,0.5892710353722845
1624,0.3692128360639231,0.7077889500350714
1625,0.25903879373544547,0.8066061079179664
1626,0.38102349652375006,0.6688628789760822
1627,0.39769893656375976,0.6505086404500672
1628,0.37203718091669635,0.6160295572207193
1629,0.49010414883845155,0.5021243971127295
1630,0.7269280494887137,0.24899418693682007
1631,0.6814816568199817,0.3167325901333327
1632,0.6969932363836843,0.27760919824108615
1633,0.7411273499410787,0.20681334644476265
1634,0.8515555360504654,0.16565677799866213
1635,0.8671836326580584,0.11939202455255153
1636,0.9144344006295728,0.09779639228931475
1637,0.8971167956236402,0.09360972466456678
1638,0.9246650999868405,0.048994351474088614
1639,0.9859807106878683,1.184524578874734e-09
1640,0.9739278640084588,0.016400715259610257
1641,0.9956744662079068,2.220446049250313e-16
1642,0.9931475439232069,2.220446049250313e-16
1643,1.015706975000418,2.220446049250313e-16
1644,1.0414105905891329,2.220446049250313e-16
1645,1.028830733933934,2.220446049250313e-16
1646,1.0153458774991073,2.220446049250313e-16
1647,0.9768582742682255,7.094059791769731e-11
1648,0.9762883505314714,0.005065551924772192
1649,0.8613789919603348,0.19004733733873297
1650,0.8226987603910864,0.18909358248599717
1651,0.7358210850991392,0.2806723531448741
1652,0.5901207571809802,0.4469786906673698
1653,0.5181090620757541,0.5055853121757542
1654,0.2803937445546304,0.7268125009922967
1655,0.19556803419776608,0.8441680793253353
1656,0.05479547109472887,0.9805739860743029
1657,0.013584945562876202,1.0213697423022414
1658,2.220446049250313e-16,1.0190739206513881
1659,2.220446049250313e-16,1.0401297081108514
1660,2.220446049250313e-16,1.0195134283585272
1661,2.220446049250313e-16,1.0134619721551743
1662,2.220446049250313e-16,1.0231533531357557
1663,2.220446049250313e-16,1.034158133966779
1664,2.220446049250313e-16,1.0331615456301662
1665,2.220446049250313e-16,1.0331430377719888
1666,0.02071595755215387,1.0292264542598637
1667,0.008945974904744938,1.0296152034299182
1668,0.12433487331461333,0.9069415836851377
1669,0.22353085617046892,0.7586602006559409
1670,0.4123168688244404,0.5416580150084701
1671,0.6258868857463755,0.3837133762222149
1672,0.6917385081028177,0.2788282934182531
1673,0.8150437373327952,0.2063576788042378
1674,0.8751569846543231,0.10198544955239819
1675,0.900187823408824,0.10324097648766169
1676,0.9163622523001484,0.07358683662612409
1677,0.9507969726111966,0.02714210069097083
1678,0.9358504015516359,0.07907536341794268
1679,0.9116955484785602,0.05777265724513511
1680,0.9872444027739357,2.220446049250313e-16
1681,1.0195774532976503,2.220446049250313e-16
1682,1.0343144865343583,2.220446049250313e-16
1683,1.0044287490946735,0.03279400140698569
1684,0.9179055931518163,0.13707131190390212
1685,0.9824077848469647,0.07501092896169467
1686,1.012555073244621,0.024835850217354547
1687,0.8857915760232148,0.09833686168382472
1688,0.7164326499348391,0.2837447840078281
1689,0.6781537190868808,0.34867481180701115
1690,0.6435503427648396,0.3604933378485629
1691,0.5106568881151338,0.45708134135038647
1692,0.3414246033969922,0.6610562111006748
1693,0.15939574556102623,0.8635580102864009
1694,0.023187044161999598,0.9908650059143027
1695,2.220446049250313e-16,1.0128983685570492
1696,2.220446049250313e-16,1.0343259606110806
1697,2.220446049250313e-16,1.0205625862979204
1698,2.220446049250313e-16,1.0251752402728969
1699,2.220446049250313e-16,1.0370195554740338
1700,2.220446049250313e-16,1.0403339851265205
1701,2.220446049250313e-16,1.0374625115309757
1702,2.220446049250313e-16,1.0299035126345382
1703,0.0005603822411435265,1.0243289581429655
1704,0.03760197135937259,1.0154723227344247
1705,0.05825414346346057,1.0005807047346358
1706,0.06432310995208688,0.9991839941784112
1707,0.16979934877540423,0.8146491022884105
1708,0.723015807874948,0.2744463133680664
1709,0.758080403065313,0.3090681520765746
1710,0.7938159435671556,0.2110312550808501
1711,0.8903999607823898,0.13127567718420075
1712,0.9305441829956069,0.09594107260450346
1713,0.9485596713457422,0.067590279164342
1714,0.9743185723914735,0.049340889186597195
1715,0.9595067101391299,0.05004460960984489
1716,1.011812497715484,2.220446049250313e-16
1717,1.0506082228326252,2.220446049250313e-16
1718,1.0592401602716923,2.388071253528447e-09
1719,0.9462541787627196,0.08355472110812312
1720,0.9465549551371979,0.11966960963886122
1721,0.906659646566498,0.1346669305451665
1722,0.9307774772149959,0.08934745851041523
1723,0.8286909356464215,0.22181007575487963
1724,0.7873355552516978,0.2575108649033777
1725,0.6732971441963889,0.3764577650525095
1726,0.5916782810511789,0.3880359931775588
1727,0.47538950048099543,0.5534447533049212
1728,0.27134987954916534,0.7286372638847239
1729,0.13971956162640065,0.8546283812008113
1730,0.016826075829120397,1.0292794328399608
1731,2.220446049250313e-16,1.0390082877132696
1732,2.220446049250313e-16,1.0446845715212558
1733,2.220446049250313e-16,1.0604527931942376
1734,2.220446049250313e-16,1.0324497481117423
1735,2.220446049250313e-16,1.0370222553776454
1736,2.220446049250313e-16,1.0474127048172688
1737,2.220446049250313e-16,1.0478268966613473
1738,2.220446049250313e-16,1.051722716602052
1739,1.0307401012699778e-09,1.0477761301238138
1740,0.0037375910404156263,1.0222830862684136
1741,0.04892305187482147,0.9968559294238662
1742,0.15614001868983307,0.8540600504630846
1743,0.2507215011314045,0.7512794985872756
1744,0.7595147525465872,0.2503514822129744
1745,0.6947166482306982,0.22640544703382084
1746,0.7592061305299248,0.21895171645221012
1747,0.8166671219864154,0.2044061313830118
1748,0.8702066242512251,0.1056868771237292
1749,0.8604233205377114,0.1204189265813216
1750,0.9350091955525499,0.09421707392214528
1751,0.9325709930787008,0.09214945676042854
1752,0.913521797474207,0.09413836662385644
1753,0.9102330006720404,0.1075768001383652
1754,0.9018709039294333,0.14162107160285334
1755,0.8775600924471546,0.18935342474052694
1756,0.7325657924158139,0.31726783701663863
1757,0.6487943313706749,0.38865165417918124
1758,0.6909776557809301,0.31362176624148136
1759,0.7102143464687949,0.2311418588984903
1760,0.6264185329467001,0.26903158211889105
1761,0.549683502604121,0.4239031351463223
1762,0.5622163363923173,0.4717899511664477
1763,0.40306950579921813,0.6036072359575497
1764,0.3109184386668332,0.7338125436270608
1765,0.14510523071862574,0.8638873136344137
1766,0.03212758405377376,0.9906321810337063
1767,2.220446049250313e-16,1.0556041897582447
1768,2.220446049250313e-16,1.041357209465558
1769,0.0017280620362446204,1.0494271529323265
1770,2.220446049250313e-16,1.0767788695282021
1771,2.220446049250313e-16,1.0822463048004165
1772,2.220446049250313e-16,1.0654914213257318
1773,2.220446049250313e-16,1.0729738404969007
1774,2.220446049250313e-16,1.0663407087376529
1775,2.220446049250313e-16,1.0481709031119932
1776,0.006233088575554546,1.0293799230792988
1777,0.004825611496247953,1.0380588906403367
1778,0.243225475130815,0.7905891811845583
1779,0.7596940944426943,0.1847355219513855
1780,0.7806004659268452,0.19696772532247464
1781,0.8026340747956004,0.15735652977724476
1782,0.7832716556498949,0.1435405386709172
1783,0.8278938603214059,0.1442707916233457
1784,0.9380007965009527,0.15197338896051835
1785,0.9766294741958773,0.09875569157824442
1786,0.9797550917039554,0.09005435827966946
1787,0.9548307080097603,0.06923982584697881
1788,0.8956408852262082,0.12625359937599084
1789,0.8099976060305697,0.21632922591087428
1790,0.7506171328246339,0.31574974069523987
1791,0.6311773960121475,0.4075910744494944
1792,0.5705590835918181,0.4620825907081344
1793,0.5238586262176066,0.4724567305540195
1794,0.46025613222215445,0.4844807988196801
1795,0.5223261211310886,0.4904572765778614
1796,0.5246275854510954,0.47507017098680654
1797,0.39434852280405014,0.616782733615801
1798,0.17487643290711846,0.8580746331061682
1799,0.1039366106724753,0.9245466512397497
1800,0.007297251640341645,1.0097539516509044
1801,2.220446049250313e-16,1.0366935359810765
1802,2.220446049250313e-16,1.044219544209965
1803,2.220446049250313e-16,1.0501817127453676
1804,2.220446049250313e-16,1.0544590800745317
1805,2.220446049250313e-16,1.0702799807727934
1806,2.220446049250313e-16,1.0700077159008605
1807,2.220446049250313e-16,1.0580409357547593
1808,2.220446049250313e-16,1.0644121089195164
1809,2.220446049250313e-16,1.0603317506708865
1810,2.220446049250313e-16,1.0249200767324047
1811,0.09492666321773006,0.9475658192079914
1812,0.3368581851421072,0.7103658840268174
1813,0.6397417269155452,0.3329469211786377
1814,0.735691768055882,0.2320121129286253
1815,0.8874534621511299,0.08492461917291572
1816,0.9361620066937639,0.06466107195249135
1817,0.9619414678681086,0.057175135145117385
1818,0.8965283459668887,0.12783058563365715
1819,0.8051796267827107,0.22321614048445887
1820,0.8818507457621637,0.13151674282095632
1821,0.9315546243535008,0.10838685022967039
1822,0.861936890709723,0.17099165436073305
1823,0.8419795385168178,0.21273695375093474
1824,0.7456320453227668,0.30482415527370654
1825,0.577818342064759,0.4585157089832659
1826,0.49961004219460176,0.5154162375916271
1827,0.4356651799608604,0.529048190515819
1828,0.3867576327816264,0.5971885786172042
1829,0.3407940563317299,0.6447747128590792
1830,0.38142716091228174,0.609450803529875
1831,0.19261819044114628,0.7958975522729407
1832,0.08111703096561516,0.9542030639892533
1833,0.016690544088024194,1.0062271206223063
1834,0.004348165475304037,1.0651347680751986
1835,2.220446049250313e-16,1.0382992367747719
1836,2.220446049250313e-16,1.0553951983455352
1837,2.220446049250313e-16,1.059572576761401
1838,2.220446049250313e-16,1.100716741245477
1839,2.220446049250313e-16,1.1149377856750282
1840,2.220446049250313e-16,1.0531452184474979
1841,0.0024029074144156877,1.065209885669177
1842,2.220446049250313e-16,1.0565599951312397
1843,0.04071726339614739,1.0212972204398347
1844,0.03735704928006841,1.0244334482105502
1845,0.09512839098459493,0.9234225465179873
1846,0.17239816430706317,0.8239559737486196
1847,0.7685211527802034,0.2688549078113015
1848,0.7177655230216583,0.30072635516064977
1849,0.7262480746537578,0.25020800608614924
1850,0.7516826181146086,0.21281814784807626
1851,0.7718412836582857,0.19646662300974382
1852,0.8042166025192639,0.1808181293939567
1853,0.6466054999222445,0.29894443803179394
1854,0.742981562560809,0.22627043730977875
1855,0.8855830046833749,0.1379014293603139
1856,0.9141275552631858,0.09805513233057134
1857,0.9434149969284337,0.11856326211670973
1858,0.838570523040205,0.22941799753934622
1859,0.6655264890533747,0.38696726389337077
1860,0.5523763663957927,0.4806872791382944
1861,0.43785946192368536,0.5479288341270704
1862,0.39259457624359195,0.5825047135993144
1863,0.3199167077449603,0.6574965467385535
1864,0.2321108635921937,0.7724999869543965
1865,0.1390406672153299,0.8582013737404015
1866,0.029895356592312607,0.9732458493466919
1867,2.220446049250313e-16,1.0256904211318771
1868,2.220446049250313e-16,1.0466114551635954
1869,2.220446049250313e-16,1.0419479561141376
1870,2.220446049250313e-16,1.0447942890990152
1871,2.220446049250313e-16,1.0893870276243347
1872,2.220446049250313e-16,1.0859989777730803
1873,2.220446049250313e-16,1.0828990357835802
1874,2.220446049250313e-16,1.0803789321187547
1875,2.220446049250313e-16,1.0602350024076095
1876,2.220446049250313e-16,1.0254450143897087
1877,2.220446049250313e-16,1.0421863595647505
1878,0.03205376903675128,1.0053030477173615
1879,0.19065788535100128,0.7965570632090985
1880,0.32105667355204887,0.6696669641892304
1881,0.813574063520815,0.18168114327835153
1882,0.8272185518372756,0.1386589961278311
1883,0.771534385910452,0.16792153415569122
1884,0.83587085350222,0.16230689055845357
1885,0.7846228631209744,0.21157481547997387
1886,0.713927988636105,0.2659661077301036
1887,0.7793873208842892,0.22970993564057113
1888,0.8817243768050023,0.15966575409083156
1889,0.7436625850030771,0.29515927094594463
1890,0.687221343075524,0.3738659008498097
1891,0.6552977120717621,0.38140869696578944
1892,0.5106606447608292,0.5188827141653692
1893,0.412552197911765,0.6180901588110249
1894,0.3484477080244037,0.682986058009768
1895,0.23522806527448126,0.797251203227985
1896,0.025909096687519926,0.9815604324634507
1897,0.04142499880983005,0.9656123494099401
1898,0.05168187500509992,1.0104069673472562
1899,0.014788188469274573,1.0175552530065202
1900,0.001479647742992813,1.0415133517346977
1901,2.220446049250313e-16,1.051615849053919
1902,2.220446049250313e-16,1.0328187918386005
1903,2.220446049250313e-16,1.0873939255054033
1904,2.220446049250313e-16,1.0596982362362872
1905,0.006264900738298991,1.0428162682294255
1906,0.00523528113631802,1.0615981678730202
1907,2.220446049250313e-16,1.002703244815005
1908,0.01372818898460082,0.9894973842221454
1909,0.11792256861847339,0.8653678819886689
1910,0.19384202005903284,0.8016218060612149
1911,0.3952334859608208,0.61854662961166
1912,0.4150535186333075,0.4824812657507046
1913,0.8579584541352215,0.09415598728811464
1914,0.6906717266157547,0.23459690312215808
1915,0.7555891885994437,0.1654575223038765
1916,0.8345260683120911,0.17221253904372807
1917,0.8426742841285613,0.1715321645355037
1918,0.8023183025375097,0.2287535520329652
1919,0.7816186525366713,0.2832610788422424
1920,0.6890192805117595,0.38669132352858016
1921,0.6823016640801602,0.36011050150311097
1922,0.604505772300946,0.4384943873838104
1923,0.5974346459865797,0.45310242207727025
1924,0.4764548158432565,0.5610249429443914
1925,0.4762136742776806,0.5796142351030339
1926,0.3509548236813977,0.673145117013697
1927,0.2700223134714073,0.7959470150779431
1928,0.17814176725573153,0.9062740200421437
1929,0.10285120442253924,0.9485816063824425
1930,0.031905292022400424,1.014829761858711
1931,0.03277114805847402,1.025011873680099
1932,0.0523951919565174,1.0030139236129738
1933,0.032793115946342495,1.0556076837298027
1934,2.220446049250313e-16,1.087355513525813
1935,2.220446049250313e-16,1.0827764408786713
1936,2.220446049250313e-16,1.057796328926348
1937,2.220446049250313e-16,1.0786391082887266
1938,2.220446049250313e-16,1.0595909133757653
1939,2.220446049250313e-16,1.0741044339077308
1940,0.10793004955647802,0.9157016787667006
1941,0.19572684949856706,0.7917810416224464
1942,0.2665250167572381,0.7339272691930968
1943,0.350950914725476,0.6632870852949121
1944,0.7438641279679534,0.13959143749656897
1945,0.7308729124457285,0.2462522013856665
1946,0.6857995234976308,0.3156622843834994
1947,0.7072072925876525,0.2965270974547867
1948,0.8124253704204131,0.17548618245679426
1949,0.8140546857076975,0.18524809395178002
1950,0.7838892084667494,0.2762162241534916
1951,0.6766188489475262,0.31541775068261096
1952,0.5819185172384279,0.40972684050990466
1953,0.490842484700763,0.5069754483761219
1954,0.4149239589527555,0.6072436216432848
1955,0.31516238051552,0.7166587058242813
1956,0.32067179463155354,0.7256689456016896
1957,0.22161557317845826,0.8322240299503444
1958,0.1286018456541279,0.9523905867204211
1959,0.10008583860812388,0.9365501705045897
1960,0.10789843268517772,0.9595319783341859
1961,0.06764923925773055,0.9858753498469744
1962,0.018822176779754774,1.0303698586663455
1963,2.220446049250313e-16,1.0687318949551674
1964,2.220446049250313e-16,1.0772596313866933
1965,0.0006938651046757999,1.0617179188659522
1966,0.013280808365080216,1.048473745587591
1967,0.005779426278174988,1.0602577918127731
1968,0.021120393647156243,1.057209642131497
1969,0.044234975968811166,1.0016447110829307
1970,0.08884927759773618,0.928796128875737
1971,0.1610138031289136,0.8470670182387335
1972,0.17664063145721678,0.7862888977851324
1973,0.7459631974830855,0.18329666149149293
1974,0.7369856642614735,0.14909631994942138
1975,0.6963833832606539,0.2710599930404575
1976,0.6216740719656013,0.34309489756668865
1977,0.6237637262263914,0.2757604705523714
1978,0.7677555459352402,0.25349897528250215
1979,0.7477312198687226,0.30631516527061775
1980,0.7626279584085146,0.295184424836818
1981,0.6913150433879249,0.34712086598864833
1982,0.5764337282281511,0.5150515818862942
1983,0.3631430593078265,0.6999887088505528
1984,0.2741697310461324,0.7576079125024519
1985,0.22557676978633084,0.833049225544925
1986,0.19806191205592014,0.9048842009042247
1987,0.04569963598778812,1.0574348870166557
1988,0.08851430875352023,0.9852605329454895
1989,0.12047344989143453,0.931198576778498
1990,0.11160830792796764,0.9406262826602823
1991,0.06459704874052931,0.9610187345160714
1992,0.04546405713806289,1.0038110908863165
1993,0.00791237324302851,1.0420181512663427
1994,0.012883880132086788,1.0279952847196208
1995,0.014046546551293308,1.0557626293879825
1996,2.220446049250313e-16,1.015589180078978
1997,2.220446049250313e-16,1.0314574063534332
1998,2.220446049250313e-16,1.0413377816337677
1999,0.023264481406891253,0.9849256806122442
2000,0.10649053618990105,0.8814461144088052
2001,0.7447733184055076,0.049642132599592874
2002,0.7684279988892126,0.22706273088083145
2003,0.7968110510027404,0.24154284993222438
2004,0.7315527907249049,0.2862917749917465
2005,0.6485595183218248,0.35102118875075783
2006,0.6933735678960657,0.31811712034492823
2007,0.7261034635676699,0.295368814099509
2008,0.5751747780305418,0.49608682125992826
2009,0.39652399431907276,0.6605844636629644
2010,0.335194122688077,0.724330640901431
2011,0.2048462387572517,0.8671848281405246
2012,0.1186051096311394,0.9674139940203151
2013,0.11147151841500123,0.9603291359115316
2014,0.11805486079422163,0.9423601714865537
2015,0.1513469813743042,0.9438276918703885
2016,0.05742640742034059,0.9633754953658485
2017,0.07541616268140633,0.9834570669820812
2018,0.07823995731219036,0.9775255244674755
2019,0.08911299645799899,0.9694906733971439
2020,0.03943217938499514,1.0299895231360914
2021,0.005504158948634986,1.0504782675956659
2022,0.001860074224379607,1.0409238286487807
2023,0.024025759492401152,1.013742797873867
2024,0.028884783820791963,0.9462797022373759
2025,0.09224432390296448,0.8962246407319706
2026,0.21168171055098906,0.7544922682786356
2027,0.7391208210415063,0.22233713691936471
2028,0.7301853752007877,0.26707411418066046
2029,0.7067256792882004,0.28813801709246045
2030,0.623654163160089,0.3782507838196159
2031,0.5381907860523345,0.4651861133472215
2032,0.6363317993349622,0.3655625295178477
2033,0.5901251401241728,0.4135556010215787
2034,0.4042340053571312,0.6703323880058408
2035,0.2557349563352645,0.8083557124683135
2036,0.2043320469204081,0.8779066876194715
2037,0.14764517759682866,0.9307790703888241
2038,0.16382884626165772,0.9259978329810946
2039,0.13606994259228625,0.9756998432101146
2040,0.06755365991149313,1.025794965142943
2041,0.0931083254459701,0.9783436238183
2042,0.07295876536791959,1.002017765183826
2043,0.06243727470725458,1.0127569647440975
2044,0.03073951348231071,1.0233826537997899
2045,0.003927587719147768,1.022479578338607
2046,0.004718107432641916,1.0012438245096407
2047,0.0015158947489694937,1.000035910899158
2048,0.026651966524290714,0.970625318492103
2049,0.031822387832888835,0.975631521581303
2050,0.07574492356716424,0.9184212999301798
2051,0.6376698395853759,0.3355630284349019
2052,0.5941101641777172,0.40734380561731154
2053,0.6099993643445426,0.3940441965130977
2054,0.6063726905688948,0.39296047283945557
2055,0.5119971277795804,0.45303451912868553
2056,0.4535379317813691,0.5803772439665723
2057,0.3542180084183211,0.7069503424089446
2058,0.28231939038653625,0.7792011195662466
2059,0.24254473867549123,0.8362833368080357
2060,0.1997520327617033,0.8525597550803407
2061,0.15631162997666884,0.9147387176532104
2062,0.19581574729612256,0.8290987027968686
2063,0.19912045885299234,0.8317792945660073
2064,0.13921799435986976,0.8289176257083222
2065,0.05930938102487209,0.9359285574276276
2066,0.05778314765534999,0.9756038188770239
2067,0.0924712513057763,0.9605277062959598
2068,0.1781753248752418,0.8587344887432529
2069,0.24942413511602513,0.7694258544561726
2070,0.04790310033965107,0.9773904440189058
2071,0.13660669860842484,0.8803587583377243
2072,0.4938524953305216,0.5183456175623825
2073,0.4642076663992576,0.5813293086775901
2074,0.493212328346594,0.5512627963315336
2075,0.4129017065510532,0.5856976637675202
2076,0.38035013900813297,0.6603877581932276
2077,0.2804246220577063,0.7916234725234308
2078,0.25113804530658257,0.8387181137466077
2079,0.21343359687421762,0.8789697033722271
2080,0.2541141890654408,0.8364145032959932
2081,0.2646931668990273,0.7973674853339349
2082,0.19097764649584797,0.8704021932153522
2083,0.20130250907536912,0.851586126213992
2084,0.1958527507406496,0.7890134765515089
2085,0.14975015604922662,0.8536069209399457
2086,0.17674487059951682,0.8599934354102415
2087,0.11330634754788535,0.8879468917539288
2088,0.15853538889665722,0.8799863966393873
2089,0.5530480126297922,0.4624363769008356
2090,0.5615588032604462,0.3637855774195956
2091,0.5018550022419179,0.3889569291259562
2092,0.46908589297573267,0.4702296404772316
2093,0.25063188788986795,0.7494339504799993
2094,0.25815403005200593,0.7875130796628274
2095,0.27916082080394594,0.7898654204317722
2096,0.27060659960668054,0.7807297717782512
2097,0.2572619204093075,0.807328031371053
2098,0.29710399827569567,0.7539825571625449
2099,0.3419820142442633,0.714061054822126
2100,0.30176571277423886,0.6784581104232124
2101,0.22911332428463196,0.6892394458257407
2102,0.2112790761372718,0.6972357716062368
2103,0.6449295367503208,0.30446947988984974
2104,0.5260922514387286,0.4155046126129865
2105,0.5301653577150695,0.4333522584023823
2106,0.5823980953364529,0.3736621590082043
2107,0.5302260489598155,0.41912586582089967
2108,0.6578182020214343,0.35156566914559595
2109,0.5329942019281926,0.5102179864169981
2110,0.4284924523084244,0.6080332846656563
2111,0.47293404602015543,0.5486443853445019
2112,0.33586846898755235,0.6573915873190194
2113,0.2512363270550835,0.760399087493923
2114,0.34880380935402483,0.6446881378040419
2115,0.696215928373749,0.2961990036747526
2116,0.6883284545493896,0.29513238391278246
2117,0.5574071156246481,0.41019373719063457
2118,0.5966766869503064,0.47138588307840584
2119,0.6254903515045838,0.38931684232857056
2120,0.6969063156450696,0.2756182643815905
